first_name,middle_name,last_name,address,phone,email,yob,nic
Cleopatra,Gearalt,Clapham,5778 Mesta Point,143-209-5834,gclapham0@usnews.com,1983,24863982v
Marcy,Andra,Wurst,8 Gale Court,413-334-9656,awurst1@google.fr,1975,86020024v
Franky,Irena,Bugge,1 Heath Alley,575-190-8190,ibugge2@ifeng.com,1957,51169069v
Launce,Beverie,Esslemont,3837 Kropf Plaza,605-782-1650,besslemont3@technorati.com,1978,74046919v
Matty,Heidi,Fletcher,2483 Schiller Parkway,406-969-1332,hfletcher4@phpbb.com,1984,76823084v
Codee,Ofilia,Rickerby,2715 Bashford Court,985-617-0590,orickerby5@google.co.uk,2015,60131008v
Finley,Irv,Abazi,76 Heffernan Center,849-475-8009,iabazi6@telegraph.co.uk,1961,33760210v
Brigitta,Karon,Rosellini,99 Katie Court,494-514-6869,krosellini7@cbc.ca,1971,97395214v
Marvin,Gerek,Daniely,879 Mandrake Center,747-395-8310,gdaniely8@bandcamp.com,1959,67447708v
Janet,Abbot,Brussels,52772 Bultman Hill,804-621-2615,abrussels9@nps.gov,1987,28543115v
Ingamar,Levy,Di Bartolommeo,53027 Milwaukee Terrace,344-924-3908,ldibartolommeoa@shinystat.com,1994,59938455v
Bendite,Stormie,Curror,61399 Prentice Plaza,939-419-4203,scurrorb@mediafire.com,1992,68980832v
Hanni,Bonni,McGeaney,72 Russell Center,731-498-0598,bmcgeaneyc@bloomberg.com,1975,73866018v
Pernell,Deena,Ainslie,900 Scott Lane,717-987-2580,dainslied@privacy.gov.au,1964,53520243v
Stephen,Lyda,Fitzsimon,29 Schmedeman Plaza,125-289-0231,lfitzsimone@nsw.gov.au,1992,98475224v
Bekki,Alain,Lemonnier,58 Waubesa Circle,645-775-0564,alemonnierf@arstechnica.com,1968,91784952v
Fairlie,Forster,Martinat,90547 Aberg Street,939-468-9847,fmartinatg@umich.edu,1974,81236631v
Kalle,Waverly,Gatenby,97 Oakridge Street,788-729-0218,wgatenbyh@instagram.com,1959,36382211v
Wang,Pauly,O'Hanley,5 Derek Center,406-388-6833,pohanleyi@hubpages.com,1992,66945006v
Ive,Godiva,Tinham,8272 Twin Pines Court,353-854-6088,gtinhamj@dagondesign.com,1950,41131637v
Luella,Morty,Odo,5983 Rusk Street,481-824-2717,modok@wisc.edu,1966,73886621v
Nanette,Jamima,Japp,23678 Everett Way,286-387-8243,jjappl@foxnews.com,1956,82389913v
Stacee,Phelia,Dorkens,716 Lawn Drive,711-767-7036,pdorkensm@about.com,1973,09556106v
Noni,Lewes,Inott,8 Green Ridge Center,196-631-9826,linottn@woothemes.com,1989,46398099v
Jakie,Andrea,Inott,82 Kropf Drive,796-934-9384,ainotto@com.com,1982,09157654v
Mollie,Jonis,Thrift,901 Nancy Terrace,664-394-9199,jthriftp@jiathis.com,1978,68279259v
Harlin,Minette,Kyllford,99 Mitchell Street,320-140-9304,mkyllfordq@alibaba.com,1990,62645789v
Fairfax,Darcy,Drakers,098 Sullivan Plaza,203-394-8290,ddrakersr@nifty.com,2007,27392579v
Edd,Francisca,Abramowitch,7 Wayridge Road,988-322-1830,fabramowitchs@pagesperso-orange.fr,1988,78358401v
Georgeanna,Jennee,Neill,26 Valley Edge Court,860-358-8348,jneillt@altervista.org,2008,35216186v
Mandel,Beck,Lumpkin,09435 Merchant Lane,213-447-2538,blumpkinu@jiathis.com,2010,37060921v
Antonin,Victoria,Bullan,9487 Mallard Drive,604-622-5344,vbullanv@blinklist.com,1982,77205876v
Robinia,Johnette,Dongall,2545 Magdeline Pass,617-185-0095,jdongallw@mayoclinic.com,1985,15888989v
Cyrille,Guillermo,Challice,3 Eliot Alley,753-746-8246,gchallicex@technorati.com,2009,82192718v
Felipa,Murial,Knoton,1758 Arapahoe Junction,508-393-1088,mknotony@google.co.jp,1996,00115695v
Vonni,Ashley,Moscrop,56 Eggendart Junction,295-462-5498,amoscropz@soundcloud.com,2010,78373276v
Massimiliano,Harvey,Fruser,199 Sullivan Alley,583-215-4299,hfruser10@quantcast.com,2014,72989307v
Arly,Falkner,Dudney,4500 Sundown Place,366-501-1239,fdudney11@springer.com,1974,69177807v
Meg,Kaylee,Stobbie,045 Hagan Park,578-149-8445,kstobbie12@google.es,1987,37529915v
Denny,Barbe,Rosa,1 Briar Crest Hill,769-195-8723,brosa13@freewebs.com,1962,40517376v
Urban,Juli,Drewes,3 Aberg Avenue,156-431-1218,jdrewes14@newsvine.com,1966,61534317v
Germain,Junia,Niven,20 Ramsey Crossing,226-950-8493,jniven15@xing.com,2011,17775377v
Abbot,Dal,Heatlie,548 Dayton Terrace,184-974-3007,dheatlie16@amazon.co.jp,1950,57743880v
Jermaine,Lindy,Garrould,6 Elka Place,327-723-1052,lgarrould17@ca.gov,1989,55411736v
Renado,Addy,Gylle,26859 Texas Place,851-183-2697,agylle18@cbc.ca,2015,38957902v
Reid,Patrick,Hurlin,7 Lunder Point,467-582-1007,phurlin19@prlog.org,1967,56522532v
Terrell,Teodoro,Gewer,89 Hallows Plaza,331-404-3368,tgewer1a@java.com,1979,99738482v
Faustina,Jo,Murby,4 Claremont Circle,376-799-0405,jmurby1b@imgur.com,2005,50112972v
Becka,Henrik,Denford,6687 Porter Drive,822-274-1531,hdenford1c@wikia.com,1989,26552442v
Faye,Alicea,Oscroft,42 Bartillon Terrace,786-160-9522,aoscroft1d@free.fr,1956,09421452v
Reinald,Gerome,Chang,473 Florence Court,614-461-8659,gchang1e@businessinsider.com,2005,19519269v
Ricca,Pierson,Steedman,67259 Service Street,661-554-2834,psteedman1f@delicious.com,2012,87704937v
Lou,Ahmed,Shackell,65959 Blue Bill Park Point,136-220-2342,ashackell1g@economist.com,1983,82610898v
Nydia,Gardy,Sneesby,83 Duke Circle,659-407-1748,gsneesby1h@cnn.com,2008,44906415v
Wilma,Catlee,Ayce,45 Stone Corner Center,740-761-5542,cayce1i@uiuc.edu,1974,15936271v
Friedrick,Bryce,Wiltshaw,367 American Ash Way,163-929-2436,bwiltshaw1j@1688.com,1974,74255620v
Sharon,Beatriz,Kretchmer,79 Hauk Street,422-559-1772,bkretchmer1k@bigcartel.com,2014,73984114v
Renelle,Gareth,Forsey,24 Carberry Road,148-316-5909,gforsey1l@edublogs.org,2012,74050557v
Sarajane,Demetria,Frankiss,73 Autumn Leaf Avenue,533-172-9046,dfrankiss1m@wikimedia.org,2005,31239379v
Lowrance,Carla,Brownsea,54 Michigan Hill,458-546-7353,cbrownsea1n@lycos.com,1963,34721736v
Perla,Sarette,Toone,2 Badeau Plaza,712-869-5190,stoone1o@nationalgeographic.com,2013,31022029v
Darby,Raphael,Foch,1005 Ilene Trail,640-590-0069,rfoch1p@free.fr,1993,69367489v
Berenice,Kippy,Devany,29038 Mandrake Alley,415-133-1632,kdevany1q@homestead.com,1965,85185221v
Gillan,Desmund,Witterick,34962 Thompson Street,801-173-3588,dwitterick1r@miibeian.gov.cn,1977,01026128v
Ivory,Alf,Gresswood,5 Coolidge Way,218-873-6724,agresswood1s@netvibes.com,1997,35033980v
Aurelia,Ora,Vigrass,889 Springs Drive,189-352-4273,ovigrass1t@tmall.com,2009,50085024v
Angelika,Merilyn,Pridmore,04132 Bay Trail,532-467-3195,mpridmore1u@hhs.gov,1973,46104499v
Madlen,Randall,Townley,322 Mendota Place,300-389-1364,rtownley1v@flickr.com,1964,26056993v
Chaddie,Sybila,Dyter,40143 Memorial Junction,487-971-0335,sdyter1w@slideshare.net,1968,24497074v
Saundra,Vincents,Rathbone,5472 Steensland Junction,753-627-8916,vrathbone1x@gravatar.com,2007,03129751v
Freddie,Herb,Glaum,032 Donald Alley,727-739-5371,hglaum1y@dell.com,1999,68212054v
Donna,Avivah,Lowten,63437 Marquette Junction,271-811-2035,alowten1z@aol.com,2008,61813703v
Kay,Mandi,Simonsen,6 Thierer Plaza,677-489-8943,msimonsen20@columbia.edu,1967,03145184v
Augustine,Carena,Vokes,72910 Johnson Point,393-696-5669,cvokes21@pagesperso-orange.fr,1961,04470258v
Yves,Virginia,Postill,575 Cardinal Trail,324-963-1434,vpostill22@altervista.org,1968,43923611v
Chris,Janette,Sharvell,4159 Mitchell Circle,966-809-9727,jsharvell23@usgs.gov,1959,70229736v
Mack,Karoline,Jollye,929 Paget Trail,629-331-8296,kjollye24@un.org,1974,41731541v
Margaretta,Decca,Starton,14 Longview Hill,610-874-4618,dstarton25@japanpost.jp,1960,04983085v
Lev,Yule,Lacrouts,775 Miller Terrace,184-557-3419,ylacrouts26@surveymonkey.com,1980,15172348v
Cindelyn,Julian,Balderstone,49 Lakewood Gardens Court,775-174-0652,jbalderstone27@seesaa.net,2000,27256197v
Nicolle,Sonny,Rookesby,390 Hermina Trail,799-320-5978,srookesby28@boston.com,1955,69358440v
Briana,Cristian,Crole,22819 Fieldstone Center,869-942-6160,ccrole29@hibu.com,2003,08714504v
Lucian,Sasha,Hovel,23695 Green Ridge Road,853-935-8497,shovel2a@mapquest.com,1998,77708387v
Bradney,Ingrid,Hanvey,8 Claremont Road,298-629-5040,ihanvey2b@ustream.tv,1980,75078598v
Maressa,Pavla,Hayers,02 Derek Alley,770-608-1749,phayers2c@symantec.com,1993,12107018v
Ardelis,Randell,Grotty,5 Toban Road,973-175-8198,rgrotty2d@berkeley.edu,1976,26020164v
Tawsha,Elsie,Walework,05 Summer Ridge Terrace,342-815-9488,ewalework2e@salon.com,1972,08418202v
Annabelle,Madel,Beric,703 Hollow Ridge Street,492-808-9574,mberic2f@globo.com,2015,51674543v
Bertie,Caril,Papaminas,52 Elmside Center,156-731-6407,cpapaminas2g@howstuffworks.com,1951,89082804v
Marje,Emanuele,Garaghan,52180 Eastlawn Point,512-785-6940,egaraghan2h@shareasale.com,1997,30152870v
Oralia,Livvie,Bockings,754 Manley Road,757-599-1954,lbockings2i@cpanel.net,1981,60846159v
Blondell,Rutter,Ketcher,64 Roxbury Place,808-136-4607,rketcher2j@google.com.br,1966,69095019v
Betsey,Joey,Pescott,87 Hoffman Street,877-369-7529,jpescott2k@hibu.com,1962,98583166v
Modestia,Jaime,Grichukhanov,93134 Fisk Parkway,197-371-6502,jgrichukhanov2l@free.fr,2017,34064829v
Edna,Judon,Golsworthy,32508 Lindbergh Lane,474-746-5912,jgolsworthy2m@phoca.cz,1975,93210023v
Angie,Alano,Yorke,9450 Mendota Way,310-577-9129,ayorke2n@elegantthemes.com,1962,76817803v
Melantha,Artur,Potkins,53344 Mariners Cove Plaza,270-381-0890,apotkins2o@skyrock.com,1972,76418304v
Cecilio,Jean,Baudichon,34 Independence Junction,302-107-0033,jbaudichon2p@goodreads.com,1962,95054625v
Lizzie,Kellie,Ouchterlony,9 Reinke Park,433-913-9381,kouchterlony2q@reverbnation.com,1954,93780598v
Linus,Bettina,Scain,81 Transport Avenue,961-847-6807,bscain2r@indiegogo.com,1982,33517734v
Karola,Anabel,Vautin,43490 Westridge Plaza,137-778-2641,avautin2s@gravatar.com,1955,02810861v
Cly,Julianna,Deniseau,47 Ridge Oak Hill,762-338-5160,jdeniseau2t@tuttocitta.it,1957,57500564v
Nicola,Johnette,Woodruffe,5 Sutherland Place,500-537-2643,jwoodruffe2u@army.mil,2003,10597660v
Skip,Muhammad,Gaywood,38 Ruskin Road,918-471-5409,mgaywood2v@aboutads.info,2016,75681492v
Florian,Tremaine,Thomasson,684 Lindbergh Court,380-867-5097,tthomasson2w@newyorker.com,1971,97410066v
Cosetta,Karalee,Pursey,83 Shopko Drive,558-295-3923,kpursey2x@ebay.com,1955,39992714v
Chastity,Giovanna,Pelcheur,4 Longview Avenue,659-983-3210,gpelcheur2y@mozilla.org,2014,94637654v
Guillemette,Delmore,Kabsch,6429 Ridgeway Parkway,457-121-6599,dkabsch2z@cnet.com,2013,60579361v
Obediah,Wilt,Harbert,34 Lerdahl Court,764-426-2558,wharbert30@sourceforge.net,2004,15822339v
Marieann,Jacobo,Rawlinson,4969 Sunfield Alley,482-144-6259,jrawlinson31@yelp.com,1978,70074033v
Nedi,Norine,Jacobs,648 Starling Avenue,518-736-9899,njacobs32@ftc.gov,1972,84637766v
Mindy,Sanford,Calow,083 Arkansas Court,741-908-2659,scalow33@sourceforge.net,2015,71698130v
Burty,Roosevelt,Wild,15021 Eastlawn Court,316-524-2730,rwild34@ftc.gov,1981,92036359v
Emmalynne,Rodie,Cleugher,97519 Grim Way,342-491-6862,rcleugher35@ask.com,1996,82288334v
Jacquette,Kat,McGahy,90988 Forest Point,553-174-5574,kmcgahy36@archive.org,1953,45751140v
Cleon,Brnaba,Bome,56114 Bay Road,539-596-9528,bbome37@i2i.jp,1997,68604057v
Kerrie,Meriel,Garza,8670 Pierstorff Parkway,635-597-4800,mgarza38@sohu.com,1992,23620701v
Leigh,Nanice,Ballingal,43350 Clemons Drive,379-288-8240,nballingal39@amazon.de,1971,18806663v
Bari,Ianthe,Driffe,95285 Sunfield Pass,386-518-3344,idriffe3a@ning.com,1997,11626864v
Ricki,Nikolaus,Wethers,4725 Schlimgen Court,757-761-7949,nwethers3b@google.co.jp,1963,49053220v
Ike,Neall,Finlan,60 Paget Park,685-649-7271,nfinlan3c@virginia.edu,1987,07876071v
Christy,Casey,Balden,580 Di Loreto Point,437-511-2938,cbalden3d@live.com,1977,20639489v
Laurie,Francine,Bownde,85695 Bluejay Lane,198-475-5444,fbownde3e@seesaa.net,1989,70927279v
Donia,Gav,Nurny,889 Mcbride Junction,278-885-7653,gnurny3f@springer.com,1963,61634030v
Darya,Bondon,Eveleigh,31 Vera Court,448-781-8513,beveleigh3g@bloomberg.com,1969,52458785v
Marlane,Inesita,Knight,52 Ryan Plaza,867-459-3187,iknight3h@bandcamp.com,1993,94738813v
Van,Josi,Van Oort,4 Talmadge Road,685-638-1936,jvanoort3i@toplist.cz,1964,05651276v
Abran,Camella,Garmston,47 Sommers Park,400-759-1176,cgarmston3j@g.co,1973,24033224v
Greg,Algernon,Horbath,0 Killdeer Court,493-610-7808,ahorbath3k@forbes.com,1965,36099039v
Berkeley,Ardeen,Borton,76553 Merrick Way,180-692-8095,aborton3l@mail.ru,2017,20992693v
Aprilette,Staci,Cromblehome,34 High Crossing Junction,682-611-3958,scromblehome3m@squarespace.com,1962,14067657v
Nedda,Caleb,Paramore,08 Green Ridge Point,284-254-1613,cparamore3n@elpais.com,1981,67188339v
Donni,Jerrine,Sabattier,5 Lindbergh Junction,339-871-6966,jsabattier3o@microsoft.com,1997,65615595v
Latisha,Nicol,Grills,093 Birchwood Pass,308-635-6406,ngrills3p@harvard.edu,1955,11231682v
Mellisent,Johny,Martinho,8 Dixon Point,880-707-5665,jmartinho3q@drupal.org,1958,36191627v
Wynne,Aidan,Jaulmes,4 Morrow Alley,338-310-7051,ajaulmes3r@aol.com,2005,52349807v
Georgiana,Harris,Saby,81347 Dawn Crossing,372-141-7444,hsaby3s@dell.com,2017,37928278v
Averil,Herbert,Oakden,3 Crest Line Hill,737-977-9200,hoakden3t@reddit.com,1981,83089549v
Thomas,Lavina,Macenzy,05066 Kingsford Avenue,503-249-5078,lmacenzy3u@reverbnation.com,1972,63114407v
Ruben,Jeth,Capaldo,26 Moulton Street,547-474-0871,jcapaldo3v@desdev.cn,1964,05902843v
Jeanie,Marlee,Chamberlayne,1866 Caliangt Junction,677-869-2630,mchamberlayne3w@prlog.org,1981,83690276v
Roxi,Darsie,Kinney,53 Namekagon Hill,970-364-6708,dkinney3x@google.fr,2015,54165411v
Rhett,Winston,Shellcross,0 Express Junction,209-854-9106,wshellcross3y@apple.com,1977,63879567v
Gibb,Perkin,Cullity,608 Shopko Way,232-381-7700,pcullity3z@mit.edu,1951,31065562v
Orrin,Bendite,Varfolomeev,27898 Helena Parkway,821-506-3297,bvarfolomeev40@youku.com,1972,92065339v
Dollie,Merridie,Heathcote,7 Kings Alley,581-820-1153,mheathcote41@army.mil,1985,86280388v
Guilbert,Ive,De Gogay,70 Di Loreto Way,597-768-5272,idegogay42@vinaora.com,1956,79968570v
Becka,Suzi,Kovelmann,263 Springs Alley,486-609-9007,skovelmann43@columbia.edu,2003,60948783v
Welsh,Michelle,Crowd,6 Jay Pass,133-962-2962,mcrowd44@yandex.ru,2007,99795517v
North,Verla,Kavanagh,038 Dorton Junction,900-916-2599,vkavanagh45@wikispaces.com,1963,34056502v
Cassondra,Maximilianus,Gautrey,643 Talmadge Street,311-952-3948,mgautrey46@unblog.fr,1981,03933091v
Rosita,Torrin,Kolodziejski,30616 Autumn Leaf Avenue,278-326-4840,tkolodziejski47@earthlink.net,2008,16566432v
Patrica,Ninon,Mortlock,3701 Katie Street,939-291-8788,nmortlock48@webmd.com,1987,11144955v
Alisun,Selig,Lambarth,783 Katie Alley,279-842-3507,slambarth49@oracle.com,1951,75615705v
Annelise,Shea,Thornborrow,0 Fallview Crossing,321-948-8486,sthornborrow4a@facebook.com,1994,97104931v
Vladimir,Aindrea,Karpf,7 Fair Oaks Circle,219-299-6019,akarpf4b@parallels.com,2013,96975061v
Lew,Ailee,Polack,5 Haas Pass,534-864-9795,apolack4c@merriam-webster.com,1960,79849500v
Charmine,Noell,MacAllan,9 Harper Plaza,264-670-6910,nmacallan4d@abc.net.au,1975,45076825v
Delcine,Laverna,Reape,2 Merry Road,730-574-8620,lreape4e@dmoz.org,2009,32563050v
Jillane,Gustavus,Leyrroyd,2175 Mallard Point,558-138-5489,gleyrroyd4f@mediafire.com,1996,59533421v
Cyrillus,Fawn,Satchell,64 Northwestern Terrace,551-726-7280,fsatchell4g@elpais.com,1966,95165203v
Dix,Rosamond,Gough,119 Merrick Park,924-421-4323,rgough4h@php.net,1985,56051941v
Ileana,Seumas,Patience,7896 Shasta Lane,228-805-6164,spatience4i@disqus.com,2012,98076386v
Mason,Thor,Edgett,63891 Becker Center,381-861-9482,tedgett4j@yahoo.co.jp,1970,86503389v
Emylee,Glen,Gainsford,59 Thompson Junction,211-552-9145,ggainsford4k@linkedin.com,1973,19849053v
Terese,Jilly,Turbard,30251 Nova Drive,479-203-4697,jturbard4l@ucsd.edu,2000,55907886v
Rickie,Misti,MacNish,46338 Del Mar Center,228-626-4531,mmacnish4m@sakura.ne.jp,1959,22253223v
Rochella,Muffin,Sigart,06 Scott Park,277-519-0073,msigart4n@addthis.com,1966,93539370v
Emalia,Pete,Beartup,610 Eggendart Pass,673-964-1650,pbeartup4o@businessweek.com,1992,62822453v
Jobye,Clareta,Tosspell,3787 Wayridge Drive,644-297-1204,ctosspell4p@aol.com,1989,68753766v
Bartholomeus,Antons,O'Fearguise,234 Crescent Oaks Place,184-893-9102,aofearguise4q@youku.com,2001,33591285v
Steven,Giavani,Orgel,6 Schmedeman Avenue,619-805-5387,gorgel4r@cdc.gov,1953,11299804v
Lindy,Ardisj,Margett,834 Maywood Point,738-295-7326,amargett4s@deviantart.com,1972,37774724v
Cash,Adena,Friar,391 Fairview Way,498-131-5663,afriar4t@theglobeandmail.com,2013,88571773v
Cody,Wally,Mouatt,1 Lukken Alley,350-299-0181,wmouatt4u@miitbeian.gov.cn,1968,79179595v
Inessa,Nelle,Blatherwick,73264 Graedel Terrace,484-271-9806,nblatherwick4v@ameblo.jp,1964,67937830v
Libbie,Joyann,O'Doherty,595 Kinsman Circle,480-807-6370,jodoherty4w@npr.org,2004,60956500v
Twila,Miguelita,Wraggs,088 Texas Point,954-947-4861,mwraggs4x@icq.com,1967,81256379v
Fionna,Aleksandr,MacFaell,6917 Homewood Avenue,720-847-4059,amacfaell4y@macromedia.com,1996,39575163v
Tildi,Dorelle,Aggett,88309 Red Cloud Park,826-386-5728,daggett4z@desdev.cn,2003,27348395v
Bartolomeo,Bartholomew,Streater,94916 Veith Plaza,290-756-2471,bstreater50@google.com,2005,71876915v
Chaddy,Ddene,Dugget,181 Pearson Alley,545-276-6343,ddugget51@printfriendly.com,1999,24856988v
Dela,Scotty,Ebden,3145 Mayer Place,562-572-2662,sebden52@stanford.edu,1950,79136341v
Jessy,Ruddie,Yurenin,09814 Spaight Drive,916-371-0700,ryurenin53@example.com,1987,80203836v
Orlan,Timothy,Wyborn,2315 Myrtle Terrace,663-911-1098,twyborn54@virginia.edu,1982,12404581v
Ethelbert,Lewie,Janicijevic,3 Dixon Center,937-200-2452,ljanicijevic55@cdc.gov,1994,67741258v
Nickolas,Bobbie,Shepton,57187 Maple Pass,591-269-9830,bshepton56@mapquest.com,1969,90021142v
Claudia,Jerrie,Osmant,04 Debs Street,222-189-7074,josmant57@delicious.com,1994,32499400v
Bo,Antone,MacNeil,554 Eagle Crest Place,872-585-5527,amacneil58@china.com.cn,1972,96070446v
Maxi,Jarred,Nasi,66316 Fairfield Street,137-352-7131,jnasi59@youtu.be,1975,92302446v
Everard,Joyce,Levett,902 Johnson Junction,875-895-0023,jlevett5a@fema.gov,1989,70126568v
Tracey,Raquel,Lavelle,8 Charing Cross Parkway,663-590-7722,rlavelle5b@unesco.org,1962,40171456v
Leroi,Mildred,Derbyshire,01 Vera Pass,823-802-1131,mderbyshire5c@lulu.com,1955,89066151v
Sibyl,Peyter,McCrachen,50 Montana Hill,223-337-0067,pmccrachen5d@fema.gov,1983,53585997v
Robbi,Wynn,Dreghorn,60 Mendota Hill,357-780-1960,wdreghorn5e@fastcompany.com,2001,53935709v
Tracey,Lacy,Paeckmeyer,97 Mitchell Center,347-892-5223,lpaeckmeyer5f@gmpg.org,1993,90606100v
Tracie,Oates,Dulake,63966 Gerald Park,394-327-8481,odulake5g@epa.gov,2001,63861645v
Rowe,Domeniga,Helsby,945 Lake View Crossing,228-482-1012,dhelsby5h@cnet.com,2014,71610288v
Malvin,Isabella,Hanks,732 Forest Dale Park,977-281-5398,ihanks5i@nifty.com,1987,56017785v
Geoffry,Davina,Finley,3 Charing Cross Alley,740-507-7581,dfinley5j@slate.com,2007,98513278v
Benton,Armand,Czadla,269 Washington Place,839-117-1784,aczadla5k@chicagotribune.com,1965,67859221v
Alica,Sheree,Daventry,2 Logan Park,309-199-0232,sdaventry5l@bandcamp.com,1952,22836300v
Correna,Aguistin,Cassie,1 Browning Plaza,287-573-5044,acassie5m@soundcloud.com,1976,63817811v
Rabi,August,Sully,65 Graedel Parkway,295-375-8058,asully5n@guardian.co.uk,1984,00425982v
Willetta,Bartholomew,Pizzey,70 Truax Terrace,624-764-2761,bpizzey5o@time.com,2013,04690121v
Ronica,Alonso,Minelli,274 Bonner Lane,267-137-7245,aminelli5p@delicious.com,1975,39187396v
Vasili,Xaviera,Lackham,2660 Sundown Parkway,478-708-9507,xlackham5q@newyorker.com,2011,39298840v
Susanne,Pyotr,Whitcher,99397 Farwell Junction,874-791-5600,pwhitcher5r@addtoany.com,1973,48715769v
Jeannine,Maryrose,Eustes,874 Sullivan Court,869-982-4937,meustes5s@zimbio.com,2015,43896044v
Jania,Flore,Buckoke,0 Dakota Alley,865-678-7888,fbuckoke5t@imdb.com,1981,10326011v
Maible,Cherilynn,Capin,9531 Merry Junction,108-159-3483,ccapin5u@sogou.com,1971,24707790v
Antin,Karlyn,Moseby,76850 Hermina Drive,552-808-0844,kmoseby5v@alibaba.com,2004,40319657v
Dione,Gawain,Raysdale,19 Milwaukee Terrace,517-849-9396,graysdale5w@naver.com,1995,44552432v
Murielle,Kelsi,Benjafield,6 Lyons Hill,532-927-7832,kbenjafield5x@npr.org,2002,62387467v
Tomkin,Erhart,Velasquez,1 Badeau Crossing,651-343-7609,evelasquez5y@chicagotribune.com,1987,36927029v
Anny,Travus,Coda,2749 Dryden Plaza,288-793-0345,tcoda5z@wordpress.com,1975,28129490v
Elwyn,Nonnah,Aldrin,7045 Farmco Plaza,695-173-2140,naldrin60@infoseek.co.jp,1956,73396874v
Alejoa,Quentin,Lys,32 Myrtle Pass,271-349-6737,qlys61@1688.com,1957,26609166v
Klemens,Vanni,Danick,901 Hayes Hill,183-550-7298,vdanick62@eepurl.com,1973,48475022v
Regen,Phillida,Eliez,07 Center Point,435-998-5021,peliez63@google.com.au,1954,32872802v
Tod,Auria,Pieterick,40850 Truax Center,366-292-8056,apieterick64@usgs.gov,1980,66774502v
Oates,Simone,Heaps,1445 Beilfuss Junction,753-612-3457,sheaps65@army.mil,2010,51810001v
Cy,Gussy,Whifen,421 Westerfield Circle,351-397-3581,gwhifen66@kickstarter.com,1953,32295555v
Kelcey,Gabriele,Poulsom,34 Arizona Way,529-144-3667,gpoulsom67@rediff.com,1968,27586603v
Valencia,Arron,Seeman,9 Anhalt Avenue,193-126-0126,aseeman68@unc.edu,1986,51562130v
Archie,Joanna,Kennewell,7192 Coolidge Court,152-812-8783,jkennewell69@spotify.com,2010,70397050v
Debor,Annadiane,Dackombe,58 Maple Wood Parkway,396-186-2813,adackombe6a@multiply.com,1975,37846771v
Heindrick,Brook,Rue,5 Dorton Street,551-462-1599,brue6b@tinyurl.com,1998,35888400v
Theodore,Ariella,Cran,448 Schurz Trail,539-770-3144,acran6c@wikimedia.org,1967,05199843v
Gennie,Steward,Thor,5 Hazelcrest Pass,398-451-1374,sthor6d@theatlantic.com,1969,17451145v
Gwendolyn,Rolfe,Fechnie,48 Meadow Ridge Avenue,949-392-7804,rfechnie6e@oakley.com,2016,21490831v
Tamra,Kym,Matten,9 Waxwing Drive,820-263-9602,kmatten6f@fda.gov,1967,59030170v
Desi,Kelly,Peasegood,6 Crest Line Crossing,214-625-8799,kpeasegood6g@opensource.org,1964,93395682v
Tamera,Padgett,Shewry,42 Di Loreto Way,700-445-9927,pshewry6h@businessweek.com,1961,26482264v
Klarrisa,Bibi,Miner,19063 Pleasure Circle,895-515-7199,bminer6i@1und1.de,1984,84327765v
Thorin,Lacy,Threadgould,70888 Blackbird Crossing,358-884-7556,lthreadgould6j@zimbio.com,1992,85047644v
Herrick,Broddy,Beeke,8985 Corry Trail,672-643-3646,bbeeke6k@google.com.hk,1986,69855948v
Ainslee,Boot,Breinlein,28857 Trailsway Hill,360-229-9736,bbreinlein6l@unicef.org,1974,91633692v
Gertrud,Clement,Willeson,2689 Mariners Cove Point,244-679-9440,cwilleson6m@abc.net.au,2007,52263872v
Borden,Emmey,Emanson,26 Burrows Parkway,594-541-5368,eemanson6n@booking.com,1995,14488296v
Killy,Lorene,Burrells,7 Macpherson Point,570-229-2207,lburrells6o@yolasite.com,1999,00954265v
Joanne,Evita,Daintier,6 Sachs Center,865-253-9821,edaintier6p@photobucket.com,1982,56834025v
Morris,Joye,Ethelston,23287 Moulton Terrace,442-873-2141,jethelston6q@technorati.com,2015,93481248v
Sean,Eddy,Mazzia,394 Corben Hill,351-600-2981,emazzia6r@usa.gov,1972,25911831v
Caryl,Elane,Whitwham,61 Schiller Hill,984-538-0050,ewhitwham6s@yale.edu,2003,60043565v
Robinia,Paton,Breen,86 Twin Pines Point,882-584-9131,pbreen6t@sciencedaily.com,1962,50534543v
Ossie,Cordie,Bloor,708 Sloan Avenue,489-835-5518,cbloor6u@si.edu,1984,64700114v
Colline,Selie,Greenhalgh,06 Bluejay Street,363-708-0072,sgreenhalgh6v@craigslist.org,2002,94997864v
Quinta,Caitrin,Dover,34 Sheridan Court,335-898-1509,cdover6w@census.gov,1956,59266439v
Vince,Krystle,Eastwood,33549 Golf Course Plaza,529-579-5282,keastwood6x@intel.com,2004,60997167v
Mace,Sorcha,Dobbin,628 Marcy Crossing,635-670-7918,sdobbin6y@mit.edu,1992,32794898v
Shea,Fulvia,Clethro,06398 Petterle Road,250-731-8010,fclethro6z@github.com,2013,49616982v
Gustave,Herta,Yalden,28879 Larry Circle,119-874-5284,hyalden70@issuu.com,2007,63320754v
Liz,Liuka,Lintill,81 Monument Trail,748-969-6141,llintill71@nhs.uk,1963,54809533v
Ava,Den,Blackborne,63505 Burning Wood Crossing,946-507-9158,dblackborne72@phpbb.com,1962,91427666v
Nalani,Adolphus,Shavel,55315 Anzinger Trail,572-112-2319,ashavel73@vk.com,1980,32813106v
Ingram,Shawnee,Readie,162 Novick Pass,368-372-5774,sreadie74@webs.com,1952,00456671v
Falito,Sergent,Licari,506 Melvin Center,858-110-2348,slicari75@google.com.br,1997,99216529v
Lily,Lyon,Indgs,45499 Lakewood Terrace,274-955-5928,lindgs76@tuttocitta.it,1979,98895420v
Brandyn,Helena,Meadway,832 Farmco Point,757-526-8593,hmeadway77@dailymail.co.uk,1990,22395264v
Allegra,Dru,Saffle,3 Paget Trail,228-470-1610,dsaffle78@canalblog.com,1981,87370424v
Arlina,Marissa,Bernardeschi,85 Fallview Road,840-532-6277,mbernardeschi79@ca.gov,1971,66279703v
Ellswerth,Averill,Fairchild,75 Dayton Alley,784-901-6266,afairchild7a@live.com,1969,05930501v
Annaliese,Dorree,Sackey,99056 Briar Crest Hill,663-550-1937,dsackey7b@homestead.com,1954,50574643v
Justina,Hilde,Georgins,7 Florence Circle,926-398-5092,hgeorgins7c@about.com,1987,21555302v
Laraine,Korie,Toovey,2 Darwin Point,134-644-3337,ktoovey7d@cocolog-nifty.com,1961,25303341v
Kitti,Cami,Haughton,10082 4th Court,657-167-9484,chaughton7e@sina.com.cn,1957,17730516v
Fletch,Bell,Skacel,4 Pawling Circle,723-872-7968,bskacel7f@uol.com.br,1993,93114161v
Shelley,Modestia,Krollman,142 Park Meadow Pass,261-296-1961,mkrollman7g@dagondesign.com,1966,88579057v
Tiena,Temp,Sabban,64 Del Sol Park,234-161-9131,tsabban7h@blogspot.com,2009,36307250v
Darline,Dannel,Fley,65039 Armistice Circle,749-972-6869,dfley7i@netscape.com,1965,84278523v
Wilek,Osmund,Braine,19 Mayfield Way,365-873-1568,obraine7j@weibo.com,1956,08068268v
Terrijo,Irving,Twitchett,9 Sachs Road,141-402-0650,itwitchett7k@foxnews.com,2013,15810905v
Clotilda,Rory,Crackel,49 Elmside Terrace,140-306-8060,rcrackel7l@businessinsider.com,1991,91956118v
Robin,Querida,Titt,657 Forest Parkway,991-232-1767,qtitt7m@hp.com,1999,27053107v
Fianna,Amory,Ioan,28853 Carpenter Plaza,804-596-1332,aioan7n@blogspot.com,2005,46672403v
Adriaens,Erhart,Lathaye,6734 Mifflin Trail,109-961-5359,elathaye7o@netlog.com,2017,64313821v
Benjamen,Nertie,Veitch,3237 Portage Point,461-800-5778,nveitch7p@rediff.com,1958,17669444v
Zaneta,Jorry,Dolbey,0 Sherman Parkway,716-167-1686,jdolbey7q@fda.gov,1992,64382353v
Lari,Neile,Brophy,7 Trailsway Circle,594-403-4592,nbrophy7r@surveymonkey.com,2013,43504726v
Ettore,Izabel,Somersett,0757 Eliot Center,627-301-1117,isomersett7s@europa.eu,1962,69590178v
Jesse,Ariel,Ludy,19 Luster Way,685-452-4593,aludy7t@xing.com,1976,80134384v
Sawyer,Natalina,Mehmet,58860 Arizona Pass,372-512-5596,nmehmet7u@netlog.com,2003,33520082v
Calla,Dewey,Malloch,86190 Melby Drive,371-818-5213,dmalloch7v@cnet.com,1979,48227561v
Iver,Lora,Dainter,80529 Red Cloud Center,400-779-5112,ldainter7w@skype.com,1970,89646412v
Ardyth,Prudy,Laroux,230 Algoma Circle,912-143-4442,plaroux7x@spotify.com,1987,27893153v
Marlane,Suzette,Hawlgarth,8 Donald Parkway,139-289-0924,shawlgarth7y@live.com,1952,46489247v
Tammy,Gilbertine,Ibel,0162 Summit Road,492-280-6817,gibel7z@1688.com,2005,82235347v
Purcell,Cassondra,Hoyes,8 Mayer Hill,785-776-5949,choyes80@etsy.com,2010,28956357v
Laryssa,Aigneis,Selwin,83 Prentice Road,375-213-8905,aselwin81@google.com.hk,1982,40055804v
Clarissa,George,Sachno,35 Main Avenue,923-516-5798,gsachno82@sina.com.cn,2003,27090436v
Roby,Nelly,Mullinger,684 Bowman Plaza,981-290-1808,nmullinger83@va.gov,1952,37135755v
Remus,Tawsha,Speek,15 Carey Drive,294-340-9016,tspeek84@de.vu,2006,06692853v
Adriane,Desiree,Burkett,19 Tomscot Terrace,459-996-4709,dburkett85@sitemeter.com,1963,97548643v
Palmer,Phillip,Farnin,6 Graceland Hill,456-583-5080,pfarnin86@behance.net,1964,81849071v
Emelyne,Kally,Sweeting,2 Clemons Drive,581-102-5024,ksweeting87@dailymail.co.uk,2017,67638595v
Catharina,Annette,Prangley,72066 Westport Terrace,898-835-7887,aprangley88@nymag.com,1980,32718097v
Ferne,Sutton,Fisbburne,1 Norway Maple Trail,391-315-8667,sfisbburne89@live.com,2005,56556502v
Noemi,Lettie,Tomicki,59 Wayridge Lane,503-457-7014,ltomicki8a@time.com,1952,13879089v
Jen,Ashton,Milella,27588 Esker Street,666-210-6905,amilella8b@shutterfly.com,1998,07128654v
Hirsch,Kit,Kassman,98 Ramsey Point,413-324-6462,kkassman8c@dailymotion.com,1954,76940397v
Nataniel,Novelia,Verduin,04 Anderson Parkway,664-311-5303,nverduin8d@army.mil,1988,82233478v
Curr,Shandeigh,Patsall,7915 Dawn Parkway,612-283-9172,spatsall8e@about.me,1988,24797979v
Lynett,Claresta,Blofield,4139 Pond Place,730-933-7857,cblofield8f@baidu.com,1974,27859423v
Shawn,Bryn,Millam,73696 Kipling Court,970-454-7341,bmillam8g@spotify.com,1980,42422593v
Rogerio,Reinaldos,Pigne,851 Glacier Hill Road,643-772-6452,rpigne8h@flavors.me,1973,01574439v
Obed,Sascha,Marshalleck,82698 Mccormick Lane,812-898-7345,smarshalleck8i@auda.org.au,1977,93230864v
Talya,Junina,Brackpool,595 Mendota Pass,328-994-8378,jbrackpool8j@cnet.com,1970,84972439v
Arlette,Winnifred,Denecamp,8 Bay Street,953-449-2542,wdenecamp8k@telegraph.co.uk,1979,74786379v
Lynnett,Bernete,Titta,644 Forest Dale Court,100-746-4943,btitta8l@vk.com,1959,12063121v
Leslie,Nicko,Pucknell,9 Cardinal Parkway,450-899-4330,npucknell8m@lulu.com,1969,42099239v
Moll,Sheree,Danko,973 Sachs Trail,970-249-4158,sdanko8n@pagesperso-orange.fr,1954,30990084v
Cecile,Debora,Wherrit,18 Cardinal Road,494-266-0689,dwherrit8o@redcross.org,2008,15982013v
Pietrek,Glennie,Skrine,92827 5th Avenue,599-219-6314,gskrine8p@wix.com,1971,23495647v
Martainn,Culley,Scrivin,3024 Bunker Hill Parkway,952-853-7167,cscrivin8q@123-reg.co.uk,1964,32248753v
Petr,Juditha,Staines,5778 Gale Parkway,605-202-9344,jstaines8r@acquirethisname.com,1988,65565007v
Zenia,Maximilien,Winfrey,13 Mandrake Place,281-518-6207,mwinfrey8s@independent.co.uk,1950,84889246v
Rhiamon,Timmie,Lackington,69 Wayridge Center,848-354-3159,tlackington8t@techcrunch.com,1963,70807450v
Mela,Monica,Dreghorn,405 Homewood Center,879-442-4921,mdreghorn8u@comcast.net,1983,10857002v
Juli,Ruthie,Evetts,56435 Del Sol Road,198-652-4236,revetts8v@phoca.cz,1950,48514870v
Barris,Park,Eadmeades,24892 Longview Trail,250-157-5171,peadmeades8w@reuters.com,2005,47399198v
Mirelle,Kata,Keesman,4240 Oneill Road,338-994-8407,kkeesman8x@miitbeian.gov.cn,2003,54856224v
Kristoforo,Gar,Klimov,12858 Anniversary Point,398-794-7270,gklimov8y@imgur.com,1952,95534230v
Bobbee,Tobe,Badam,333 Springview Pass,981-807-6059,tbadam8z@pcworld.com,1962,74987950v
Delaney,Tedmund,Brugmann,1130 Monterey Junction,102-661-8157,tbrugmann90@bbc.co.uk,1986,49349979v
Hiram,Simmonds,Cecil,4465 Forest Run Hill,810-386-1625,scecil91@guardian.co.uk,2017,47437156v
Raymond,Star,Espada,0 Dakota Street,901-211-1064,sespada92@free.fr,2016,09923263v
Aggie,Ulrika,Urion,29141 Shoshone Crossing,876-749-2702,uurion93@omniture.com,1952,53005267v
Veriee,Yasmin,Wark,022 Elka Point,586-768-5248,ywark94@wsj.com,2016,76689773v
Allis,Niall,Cottey,503 Fisk Lane,330-693-0467,ncottey95@blogtalkradio.com,1994,40038091v
Mackenzie,Rutger,Bradlaugh,318 Rusk Center,102-823-5846,rbradlaugh96@theglobeandmail.com,1983,51957803v
Anton,Balduin,Rodder,81 Melby Alley,313-132-1702,brodder97@mac.com,1956,79735648v
Sena,Lesya,Boliver,1548 Miller Trail,118-847-9475,lboliver98@state.gov,1969,16924381v
Koo,Lynnea,Collumbine,8846 Dennis Circle,106-208-1452,lcollumbine99@census.gov,1973,97434645v
Kearney,Booth,Pitkin,9 Ilene Court,637-715-5577,bpitkin9a@elpais.com,2007,52894950v
Ashleigh,Fannie,Harvatt,92528 Crowley Hill,492-772-7177,fharvatt9b@wordpress.com,1992,83013897v
Mufinella,Keelia,Pretious,44382 Schmedeman Hill,290-472-0102,kpretious9c@rediff.com,1987,90957509v
Antonio,Lyssa,Yushmanov,599 Waubesa Lane,585-145-7186,lyushmanov9d@biblegateway.com,1999,43937012v
Morna,Boris,Fontes,177 Moose Alley,234-340-4418,bfontes9e@omniture.com,1983,19534774v
Herold,Cristian,Lohden,2 Eggendart Lane,481-976-1233,clohden9f@cnn.com,1966,16870474v
Ken,Agneta,Bartzen,42 School Street,712-103-5116,abartzen9g@discuz.net,1954,17365292v
Halsy,Eleanor,Nairn,203 New Castle Trail,916-259-9133,enairn9h@google.com.br,1960,20680820v
Tiebold,Susanetta,Pavlovic,16 Melby Terrace,731-293-6916,spavlovic9i@amazon.co.jp,1975,93241238v
Cary,Quint,Creagh,992 Sutherland Alley,200-832-3944,qcreagh9j@ucla.edu,1962,64111395v
Gisela,Sammy,Shambrooke,853 Sloan Circle,946-168-8222,sshambrooke9k@globo.com,1990,61260834v
Chrystal,Isis,Mead,298 Ridgeway Center,387-472-9722,imead9l@zdnet.com,1956,39910748v
Leontine,Calvin,Figgen,33207 Lien Place,125-269-3120,cfiggen9m@nps.gov,1951,38652112v
Dael,Eva,Theuss,3361 Lillian Way,399-924-8529,etheuss9n@surveymonkey.com,1976,67705233v
Desmond,Vito,Zylberdik,2561 Troy Place,110-175-8908,vzylberdik9o@addthis.com,2000,69602517v
Tandy,Candy,Clissell,5 Bonner Plaza,393-441-0318,cclissell9p@apple.com,1980,17034389v
Barton,Felic,Headington,48 Granby Parkway,212-596-0788,fheadington9q@ameblo.jp,1998,39190170v
Ahmad,Morlee,Kehri,3 Blaine Street,267-590-7308,mkehri9r@archive.org,2003,27833163v
Anne,Rene,Fish,11567 Sunbrook Pass,227-966-3605,rfish9s@github.io,1950,21857076v
Felita,Jill,Pannaman,146 Service Circle,917-174-0025,jpannaman9t@biblegateway.com,2001,30754877v
Antonietta,Georgia,Cortin,03 Bartelt Way,768-217-1518,gcortin9u@constantcontact.com,2003,64351697v
Rica,Bernadina,Kitchen,581 Randy Park,488-481-4202,bkitchen9v@theatlantic.com,2007,24490688v
Conrado,Curtice,Whittet,2 Packers Park,588-780-2355,cwhittet9w@wikipedia.org,1970,36846519v
Jocelin,Estel,Gouly,398 Dunning Crossing,821-517-6208,egouly9x@fotki.com,1993,15546401v
Candis,Selby,Evason,012 Farmco Alley,644-168-6332,sevason9y@i2i.jp,1997,34682354v
Farly,Babita,Stolz,1137 South Place,568-710-3859,bstolz9z@nba.com,1979,82847168v
Kristi,Ad,Leyband,7 Arrowood Park,147-844-7882,aleybanda0@goodreads.com,1989,17193926v
Templeton,Siward,Grossman,06602 Pepper Wood Plaza,489-537-5580,sgrossmana1@tinyurl.com,2017,45026166v
Lotty,Margy,Leythley,6 Division Center,801-159-8543,mleythleya2@addtoany.com,2003,29117010v
Melony,Ugo,Wordesworth,75 Gulseth Drive,954-929-3229,uwordeswortha3@cpanel.net,1954,26636647v
Nada,Rozella,Benbrick,7 Moose Park,164-708-5483,rbenbricka4@uol.com.br,1969,36140755v
Ede,Corabel,Shipton,60894 Fulton Pass,372-637-1448,cshiptona5@meetup.com,1968,34594130v
Almire,Lissie,Spellar,12019 Northland Avenue,829-879-3104,lspellara6@tamu.edu,1979,13238594v
Harrietta,Davie,Coddrington,39 Larry Hill,991-849-1542,dcoddringtona7@census.gov,1995,18348765v
Clarie,Alvira,Puckey,2 Almo Avenue,387-609-2667,apuckeya8@privacy.gov.au,1975,77264234v
Goldy,Vina,Avrashin,9 American Alley,785-596-0350,vavrashina9@qq.com,1956,08010865v
Waverly,Julia,Rosario,25719 Prentice Circle,565-925-8308,jrosarioaa@51.la,1999,58634550v
Alric,Moria,Burnhams,96492 Valley Edge Hill,374-913-7673,mburnhamsab@webeden.co.uk,1990,07156629v
Glad,Byrom,Elmhirst,117 Waxwing Road,442-367-5725,belmhirstac@squarespace.com,2014,62358466v
Cece,Tiertza,Karpov,160 Fair Oaks Alley,807-207-0783,tkarpovad@ebay.com,2017,94995761v
Sydelle,Gib,Blain,5 Manitowish Pass,622-983-8410,gblainae@pbs.org,1964,35733709v
Adriano,Darsie,Elkington,574 Pond Parkway,741-569-7443,delkingtonaf@elegantthemes.com,1979,53626702v
Ileana,Deerdre,Gurling,8 Pearson Court,258-999-0631,dgurlingag@vkontakte.ru,2010,58834702v
Mabel,Linzy,Ledgeway,81 Reindahl Center,701-448-9755,lledgewayah@tuttocitta.it,1975,56900066v
Maribel,Berny,Allott,4384 Prentice Trail,940-878-4494,ballottai@boston.com,2003,88011385v
Colet,Theresa,Loud,0429 Mayer Parkway,440-155-3153,tloudaj@mashable.com,1950,74701254v
Tilly,Tammie,Render,62301 Chinook Plaza,273-953-2824,trenderak@umich.edu,1990,32399212v
Vickie,Antons,Dalloway,5849 Arapahoe Point,135-297-0262,adallowayal@parallels.com,1977,21808633v
Freeman,Karee,Jurkiewicz,9727 Doe Crossing Court,651-681-9348,kjurkiewiczam@youtu.be,1964,98103982v
Clare,Perren,Sweeten,4217 Dennis Trail,910-508-4788,psweetenan@nifty.com,2011,45784880v
June,Tabby,Dewire,36 Magdeline Alley,586-353-5180,tdewireao@guardian.co.uk,1967,54369599v
Bonita,Adda,Mathen,0 Lyons Circle,848-142-9342,amathenap@webnode.com,1964,64725572v
Gaby,Izaak,Huggard,8 Bluestem Place,865-177-8814,ihuggardaq@issuu.com,1965,35563267v
Klarrisa,Valaree,Smoughton,20 Parkside Court,576-690-0886,vsmoughtonar@state.gov,1961,22887992v
Aldin,Rebecca,Wiffield,4428 Hoepker Alley,238-843-7467,rwiffieldas@4shared.com,1969,35607088v
Gale,Perrine,Smaile,502 Starling Trail,422-677-8193,psmaileat@opensource.org,1985,52712479v
Andriana,Carey,Yankeev,51662 Randy Drive,853-157-7352,cyankeevau@rakuten.co.jp,1951,11551024v
Marybelle,Ilyssa,Noni,2874 Elgar Avenue,770-122-1883,inoniav@macromedia.com,2003,39315112v
Alethea,Zsazsa,Paffley,10205 Troy Point,593-508-2856,zpaffleyaw@ebay.com,2006,59347467v
Kaela,Berti,Pavese,74230 Commercial Plaza,700-229-7739,bpaveseax@merriam-webster.com,1953,42591658v
Veronica,Eula,Smoth,09 Brown Alley,870-897-6961,esmothay@comsenz.com,2001,84278534v
Juliet,Valencia,Yuryaev,22467 Macpherson Hill,164-893-9892,vyuryaevaz@unicef.org,1963,33710010v
Shanna,Selina,Lansdale,6372 Oriole Way,986-260-8066,slansdaleb0@upenn.edu,1982,66477382v
Alysa,Marnie,Levermore,078 Cottonwood Junction,838-235-9721,mlevermoreb1@joomla.org,1952,81685126v
Borden,Elane,Barfitt,3 Mayer Center,653-371-4093,ebarfittb2@jugem.jp,1968,25787478v
Corabelle,Miller,Moss,38500 Westend Circle,166-496-6805,mmossb3@skype.com,1960,82498619v
Ashil,Arabele,Fleetwood,37 Ridgeway Junction,992-196-6522,afleetwoodb4@vistaprint.com,1962,47977238v
Kristin,Berkeley,Lindenbaum,7038 Spenser Lane,303-637-6050,blindenbaumb5@fotki.com,2005,21333692v
Angel,Trevar,Hargreves,11 Dawn Plaza,988-587-4795,thargrevesb6@deliciousdays.com,1995,33831015v
Ruddy,Phil,Wildber,610 Arrowood Parkway,391-246-1198,pwildberb7@g.co,1992,44571792v
Sigrid,Micah,Moncreiffe,0 Maryland Center,422-986-5520,mmoncreiffeb8@telegraph.co.uk,1950,29392440v
Dur,Fraze,Murdie,93 Fulton Crossing,522-736-9139,fmurdieb9@unblog.fr,1998,31127223v
Shanan,Jenica,Mc Ilwrick,030 Tomscot Lane,578-446-0120,jmcilwrickba@google.com,2017,08363703v
Annadiane,Kenon,Laying,25 Sheridan Park,848-201-1330,klayingbb@sbwire.com,1984,71200462v
Jorgan,Uta,Bras,1386 Longview Center,832-750-3692,ubrasbc@scientificamerican.com,1996,22604619v
Melba,Kayley,Postgate,1388 Tony Drive,337-744-7869,kpostgatebd@chronoengine.com,1984,24872889v
Deck,Marion,Stallworth,505 Porter Avenue,791-727-1106,mstallworthbe@wikispaces.com,1963,87586507v
Ainslie,Ainslie,Raistrick,523 Morningstar Crossing,157-872-7810,araistrickbf@un.org,2000,00218202v
Sol,Fraser,Jarrel,65400 Miller Hill,620-995-8765,fjarrelbg@histats.com,1950,47068274v
Clary,Luca,Bush,49 Meadow Vale Circle,815-189-1965,lbushbh@nifty.com,1976,37954608v
York,Sarah,Bareford,49 Packers Pass,202-175-1221,sbarefordbi@buzzfeed.com,1954,99736672v
Darrelle,Dorelle,Glasard,1 Glendale Alley,666-435-9060,dglasardbj@merriam-webster.com,2001,68683481v
Chick,Kellby,Miall,5817 Annamark Place,194-775-0485,kmiallbk@taobao.com,1950,31116551v
Tova,Verile,Aiskrigg,28818 Eliot Pass,927-469-6334,vaiskriggbl@furl.net,2002,91611420v
Terrie,Bron,Aiken,8 Dayton Street,360-568-7838,baikenbm@indiatimes.com,1980,09997328v
Adrien,Fielding,Shoebotham,6 Holy Cross Point,899-910-2054,fshoebothambn@wikia.com,1978,03509569v
Brittney,Bunnie,Jeafferson,37 Anzinger Park,385-475-8165,bjeaffersonbo@acquirethisname.com,1994,00228023v
Huey,Becki,Gerald,25721 8th Lane,372-958-9052,bgeraldbp@privacy.gov.au,2005,82033910v
Morton,Fairlie,Nutty,525 Waywood Junction,559-789-6128,fnuttybq@examiner.com,1950,32259018v
Brendis,Myrta,Branno,4 Oakridge Crossing,796-574-1958,mbrannobr@etsy.com,1978,51621586v
Carlynn,Pren,Fazakerley,4 Oak Valley Parkway,108-716-2513,pfazakerleybs@buzzfeed.com,1954,33756733v
Wylma,Iosep,Dan,99945 Bultman Place,816-771-1391,idanbt@intel.com,1970,93980712v
Darrelle,Lydon,Lydiate,37101 Glendale Parkway,459-449-5649,llydiatebu@unblog.fr,1963,84024210v
Belvia,Margaret,Rowsell,32544 Mcbride Junction,439-315-3479,mrowsellbv@washingtonpost.com,1957,34504661v
Penelopa,Doris,Sinnett,5 Scofield Pass,689-680-4369,dsinnettbw@mozilla.com,1986,00580939v
Raymond,Davin,Vauter,6722 Dawn Street,792-370-0395,dvauterbx@youtube.com,1984,86511239v
Mellisa,Petunia,Venners,3963 Vahlen Alley,202-202-8462,pvennersby@china.com.cn,2002,27509601v
Koressa,Steffie,Eastes,99 Heffernan Terrace,980-730-5338,seastesbz@google.pl,2000,38447633v
Jemie,Sallee,Giacomuzzo,3832 Union Pass,325-252-2056,sgiacomuzzoc0@prlog.org,1998,51122575v
Dody,Gherardo,Orgel,23 Sachtjen Street,130-671-6887,gorgelc1@meetup.com,1977,18679539v
Klarika,Jessee,Batho,56 Green Road,508-405-4798,jbathoc2@over-blog.com,1996,69435349v
Buiron,Laetitia,Dallaway,75 Farmco Way,881-339-7957,ldallawayc3@ovh.net,2018,32708707v
Rollo,Minny,Hawtrey,6029 Golf View Point,914-109-0656,mhawtreyc4@nyu.edu,2006,48789438v
Christoffer,Zenia,Puddifer,60 Pankratz Way,127-659-7479,zpuddiferc5@mlb.com,1964,88680566v
Mollie,Zacharias,Broose,088 Barnett Parkway,434-685-7389,zbroosec6@pcworld.com,2006,46745928v
Ian,Cornelius,Becker,770 Holmberg Court,892-991-5148,cbeckerc7@google.nl,1983,23611023v
Felike,Cesar,Giraudel,44 Towne Place,539-659-3757,cgiraudelc8@ucoz.ru,2014,52400592v
Letitia,Wally,Moon,441 Dapin Plaza,719-793-9418,wmoonc9@businesswire.com,2005,42096246v
Nathanil,Trina,Ramplee,728 Thackeray Plaza,916-403-7219,trampleeca@soup.io,2008,07201185v
Donall,Hilly,Bidnall,707 Jay Pass,718-983-6071,hbidnallcb@amazon.de,2017,96645090v
Gwyneth,Dulcinea,Leftridge,40499 Lakeland Park,213-325-4766,dleftridgecc@angelfire.com,1992,38068590v
Misha,Beale,Eustice,32 Fieldstone Place,661-950-4455,beusticecd@usatoday.com,1967,29140222v
Chane,Hagan,Barday,8 Carberry Park,526-666-6303,hbardayce@ed.gov,1981,02877528v
Marisa,Missy,Crielly,627 Ridgeview Lane,930-421-5236,mcriellycf@geocities.com,1972,66876154v
Vassili,Lavena,Haugg,34760 West Plaza,118-499-2427,lhauggcg@va.gov,1963,35367238v
Kelila,Hadley,Bachelor,245 Pond Drive,679-548-3512,hbachelorch@theglobeandmail.com,1968,43744570v
Tiffie,Becky,Skarr,4972 Dennis Road,306-168-4412,bskarrci@youtu.be,2013,91653831v
Emelina,Timoteo,Romaine,10 Cherokee Street,632-514-1528,tromainecj@ow.ly,1979,38864543v
Carleton,Kessia,Levee,5693 Sachs Hill,412-570-4828,kleveeck@unicef.org,1971,86038194v
Philippa,Willamina,Puddephatt,518 Trailsway Way,650-122-7202,wpuddephattcl@delicious.com,2012,80172734v
Meredith,Felicle,Shrieves,6698 Algoma Place,126-192-6587,fshrievescm@shareasale.com,1990,75735560v
Pandora,Catharine,Bradane,1687 Boyd Avenue,285-954-5907,cbradanecn@mapquest.com,1991,35950970v
Waverley,Minny,Huggin,26489 Everett Crossing,544-495-2330,mhugginco@nationalgeographic.com,2006,87149123v
Rose,Kaylyn,Melluish,04932 Summer Ridge Center,916-888-7303,kmelluishcp@google.nl,2000,23435395v
Charlton,Laina,Keoghane,90 Scott Street,651-149-3761,lkeoghanecq@bigcartel.com,2008,25969975v
Anallise,Thalia,Ambrois,6941 Kingsford Circle,138-874-7038,tambroiscr@shinystat.com,1981,19442167v
Aubrey,Florry,Fontel,93688 Summit Alley,621-270-8662,ffontelcs@princeton.edu,1999,08118619v
Patrizius,Jermaine,Borg-Bartolo,0844 Dorton Street,562-936-5314,jborgbartoloct@woothemes.com,1962,97762647v
Roderick,Ezri,Colaco,652 Paget Point,877-405-5037,ecolacocu@stanford.edu,2009,31871317v
Clarisse,Basil,Lightwing,78379 Bayside Court,426-104-9740,blightwingcv@cyberchimps.com,2013,23055505v
Karalynn,Finley,Vanichev,7466 Fairview Way,886-484-5459,fvanichevcw@google.com.hk,2005,31363912v
Roseline,Karlotte,Jeduch,6 Ronald Regan Trail,564-808-2282,kjeduchcx@dagondesign.com,2011,77407797v
Brodie,Brynne,Sappson,7 Talmadge Hill,138-153-8889,bsappsoncy@sfgate.com,1976,91895901v
Donovan,Fidelia,Woodhead,01987 Larry Circle,665-636-3999,fwoodheadcz@topsy.com,2010,41417842v
Karlan,Veriee,Kelby,8 Redwing Drive,427-553-2817,vkelbyd0@tiny.cc,1953,68233352v
Isidoro,Barn,Agnolo,676 Carey Trail,168-554-6220,bagnolod1@is.gd,1999,76186985v
Cyndi,Jasmine,Ballinger,2103 Bobwhite Terrace,179-978-2040,jballingerd2@myspace.com,1991,33441674v
Nelia,Maible,Rigney,21060 Barby Plaza,218-131-1731,mrigneyd3@privacy.gov.au,2012,31426572v
Anton,Stevena,Pynner,66 Kedzie Hill,144-425-0819,spynnerd4@salon.com,1970,34161340v
Mercy,Cristine,Blaw,1 Northview Avenue,319-603-0878,cblawd5@indiegogo.com,1973,02403951v
Reece,Evangelin,Camillo,7 Bowman Pass,152-575-0539,ecamillod6@homestead.com,1983,94204288v
Edna,Rob,Matschoss,5205 Crownhardt Parkway,859-238-3337,rmatschossd7@yahoo.co.jp,2014,92593216v
Tessa,Goran,Maddern,20341 Doe Crossing Hill,582-839-9948,gmaddernd8@barnesandnoble.com,1998,17412986v
Konstance,Lethia,Tregale,2602 Del Sol Point,509-767-4439,ltregaled9@cargocollective.com,1967,76043070v
Susie,Golda,Skeemor,57 Basil Alley,278-935-2700,gskeemorda@xinhuanet.com,1956,19559366v
Abbey,Clerissa,Whitfield,4851 Shoshone Crossing,507-145-0100,cwhitfielddb@com.com,1984,90661841v
Yolande,Cliff,Groombridge,2586 Gerald Circle,329-356-9122,cgroombridgedc@disqus.com,2006,35637707v
Cicely,Dorise,Kolakowski,2558 Harbort Place,471-309-4529,dkolakowskidd@adobe.com,1990,57707404v
Codee,Cordi,Luquet,0378 Carberry Park,513-573-0025,cluquetde@independent.co.uk,1970,37043946v
Nada,Janaya,Spong,7 Logan Park,537-128-8453,jspongdf@unblog.fr,1966,68708190v
Ruthi,Barbabas,Blackah,960 Waubesa Court,468-735-3627,bblackahdg@nsw.gov.au,1985,04955057v
Guglielma,Mignon,Gorey,80 Randy Junction,176-993-6420,mgoreydh@state.gov,1965,53511694v
Elvira,Kipp,Cadany,43 Blue Bill Park Terrace,514-967-6947,kcadanydi@sohu.com,2002,22407598v
Arney,Babbie,Dodge,919 Kipling Terrace,432-354-4936,bdodgedj@livejournal.com,1952,79282895v
Belicia,Norine,Attersoll,16 Nevada Pass,710-715-2648,nattersolldk@gravatar.com,1961,37099838v
Bibby,Sofie,Sapshed,335 Ruskin Drive,829-507-2273,ssapsheddl@ezinearticles.com,1997,66183966v
Farrah,Tiffy,Triswell,0 Dovetail Way,585-180-0461,ttriswelldm@weebly.com,2008,83560662v
Torin,Ced,Hardaway,01294 Browning Trail,149-858-9423,chardawaydn@lycos.com,1972,07457810v
Ferd,Stacia,Artz,13108 Sunbrook Park,906-321-9024,sartzdo@microsoft.com,2000,10225793v
Melony,Will,Buntain,4318 Golf Course Alley,495-292-1487,wbuntaindp@php.net,2010,07671016v
Leland,Jacquelyn,Tather,263 Dawn Road,698-379-6081,jtatherdq@wikimedia.org,2011,10155338v
Alvira,Broddie,Habbema,17292 Londonderry Lane,672-856-6966,bhabbemadr@dagondesign.com,1994,65326765v
Amby,Vanny,Zanini,4724 Merry Center,491-601-0952,vzaninids@yelp.com,2005,98818509v
Jack,Grete,Jarvie,74669 2nd Point,573-373-8790,gjarviedt@squidoo.com,1958,33997563v
Merrill,Hewe,Heckner,3237 Cody Terrace,371-986-3625,hhecknerdu@clickbank.net,2003,08879630v
Clayborne,Atalanta,Eliez,2583 Dayton Junction,622-287-4359,aeliezdv@w3.org,1976,36365099v
Janette,Arleen,Deehan,9 Veith Lane,387-926-1357,adeehandw@nhs.uk,1968,56072961v
Michal,Fulton,Somerled,75785 Katie Avenue,782-111-4510,fsomerleddx@dot.gov,2004,61043649v
Waldemar,Else,Routhorn,810 Troy Pass,562-133-1288,erouthorndy@altervista.org,2002,90191563v
Kaitlin,Cammy,Hamlington,18367 Mifflin Road,113-699-7654,chamlingtondz@ebay.co.uk,1954,03608896v
Amaleta,Weidar,Blaise,8 Prairie Rose Way,755-235-9038,wblaisee0@reuters.com,2005,49293807v
Darren,Trenna,Tendahl,4636 Hollow Ridge Circle,516-377-8051,ttendahle1@jalbum.net,1974,48743538v
Drake,Ade,Jira,7671 6th Drive,923-741-0335,ajirae2@telegraph.co.uk,1980,57235514v
Gordie,Avictor,Spacey,38 Green Junction,485-673-3145,aspaceye3@prnewswire.com,1983,72901056v
Shayla,Wye,Merkle,16938 Kim Park,502-615-9297,wmerklee4@ucsd.edu,1952,54387718v
Chaddie,Mozelle,Skally,48204 Bashford Point,814-569-5503,mskallye5@elpais.com,1959,72559207v
Averyl,Gigi,Gahagan,1011 Corben Trail,483-964-6748,ggahagane6@scribd.com,1987,13145500v
Cash,Saxon,Gerault,491 Sachs Alley,893-944-7544,sgeraulte7@epa.gov,1977,97452717v
Inesita,Piper,Todeo,6598 4th Park,429-797-1619,ptodeoe8@wisc.edu,1981,46370165v
Bibi,Clarabelle,Last,46 Upham Crossing,741-766-7869,claste9@github.com,1984,39045735v
Dunstan,Reade,Bartolomeazzi,6 Hoepker Park,806-894-7449,rbartolomeazziea@indiegogo.com,1964,00812782v
Kiersten,Alejoa,Diaper,2575 Butterfield Lane,413-167-9322,adiapereb@dagondesign.com,2008,12230615v
Karyn,Lorrie,Lemon,75022 Center Way,315-660-4168,llemonec@bbc.co.uk,1984,28058146v
Alan,Ranee,Pullen,6 Ridgeway Parkway,447-774-0172,rpullened@eventbrite.com,1963,97508739v
Lacie,Mack,Owlner,79 Little Fleur Road,863-617-2618,mowlneree@cnbc.com,2003,73785921v
Ozzy,Cazzie,Noell,819 3rd Crossing,439-662-3229,cnoellef@apache.org,1998,80981915v
Cass,Haskell,Gorman,096 Brickson Park Parkway,598-493-4115,hgormaneg@booking.com,1954,47895594v
Mona,Dennie,O'Dennehy,1493 Rockefeller Drive,462-726-4461,dodennehyeh@cisco.com,1959,92561150v
Brandice,Nari,Dovey,2 Logan Way,817-606-6793,ndoveyei@bing.com,1989,10355233v
Donica,Simonne,Burnell,8403 Fuller Park,848-767-0802,sburnellej@ovh.net,1953,60542336v
Meade,Adiana,Kroch,7157 Hayes Junction,154-411-2431,akrochek@shutterfly.com,2016,16665109v
Lynna,Gun,Wilcocke,58179 Troy Lane,440-982-8496,gwilcockeel@google.fr,2000,90029452v
Ursula,Bond,Johanning,819 North Hill,574-346-1045,bjohanningem@usatoday.com,1955,13978738v
Jaime,Randolph,Golby,9 Esker Place,147-436-5504,rgolbyen@canalblog.com,1975,70727036v
Leonidas,Sigismond,Moulsdall,329 6th Avenue,821-413-0854,smoulsdalleo@dell.com,1996,87084203v
Mattias,Harriet,Cottie,3 Delladonna Drive,661-824-5831,hcottieep@posterous.com,2003,45856348v
Valene,Kelvin,Harmant,0 Twin Pines Terrace,905-673-0349,kharmanteq@springer.com,1955,66041024v
Yancy,Quinn,Gauford,4 Commercial Alley,431-785-9161,qgauforder@unc.edu,2014,42743075v
Dacey,Sherwynd,Savil,3755 Autumn Leaf Place,360-474-5697,ssaviles@cnet.com,1962,80108060v
Belle,Jarid,Ducaen,66104 Forest Dale Point,492-451-3238,jducaenet@360.cn,2011,57642831v
Gaylene,Cleopatra,Vuitton,9392 Roxbury Circle,247-137-7517,cvuittoneu@adobe.com,1978,81506724v
Inesita,Hogan,Serot,631 Hooker Pass,473-414-1367,hserotev@woothemes.com,1966,38792659v
Leilah,Neilla,Bockler,223 Walton Lane,235-425-5637,nbocklerew@theatlantic.com,1982,61399899v
Denice,Zonda,Cazereau,53567 Valley Edge Hill,913-141-9421,zcazereauex@europa.eu,1969,88609970v
Laura,Cyndie,Richmond,69271 Oak Valley Plaza,722-600-5634,crichmondey@cdc.gov,1970,21169103v
Thomasa,Marius,Halbard,53 Northridge Trail,232-286-2162,mhalbardez@dell.com,1978,47684892v
Valentina,Chance,Giffard,18 Hoard Junction,128-793-7859,cgiffardf0@symantec.com,1957,71191699v
Mollee,Skyler,Richardsson,2 Dapin Avenue,776-223-7542,srichardssonf1@dailymail.co.uk,1952,21760704v
Bartholomeo,Brooks,Julien,08529 Pierstorff Hill,739-363-8928,bjulienf2@blogspot.com,1974,58302769v
Orella,Karly,Chimenti,1318 Maple Wood Avenue,340-662-2641,kchimentif3@spiegel.de,2005,59132367v
Dulci,Melisse,Sweating,71586 Cherokee Hill,341-418-1026,msweatingf4@123-reg.co.uk,1964,51747748v
Marcellus,Donelle,Blindmann,241 8th Plaza,981-837-5476,dblindmannf5@ucoz.ru,1990,70147876v
Gayel,Cyrillus,Casaccio,1 Donald Park,635-774-0233,ccasacciof6@mysql.com,1963,98834893v
Terrell,Lloyd,Jeness,856 Crownhardt Street,971-683-4484,ljenessf7@cbc.ca,1963,06055464v
Omar,Dawn,Acedo,762 Knutson Circle,276-298-9753,dacedof8@phoca.cz,1988,18796633v
Wilmar,Bard,Letchford,22 Tomscot Park,362-942-0762,bletchfordf9@parallels.com,1952,42348169v
Skye,Cindelyn,Folbige,90 Browning Lane,270-306-8345,cfolbigefa@vimeo.com,1957,33946862v
Christine,Joana,Feeham,4519 Arkansas Alley,992-799-3791,jfeehamfb@smh.com.au,1968,22020594v
Doug,Timoteo,Badsey,2 Armistice Center,915-153-9411,tbadseyfc@free.fr,1971,51893765v
Ronny,Clari,Master,342 Hazelcrest Terrace,734-661-2942,cmasterfd@com.com,1951,17488008v
Francine,Kathie,Juza,42 Nancy Plaza,299-829-0580,kjuzafe@canalblog.com,1957,05740308v
Vito,Amandi,O'Siaghail,01 Lighthouse Bay Point,201-869-8441,aosiaghailff@google.ca,1967,89543582v
Cornie,Perice,Pickston,7 Sundown Parkway,565-860-0515,ppickstonfg@twitpic.com,2016,94741838v
Yulma,Stormi,Randle,992 Garrison Point,831-471-4948,srandlefh@twitpic.com,1962,10417573v
Devina,Laurence,Chalcroft,937 Warner Terrace,283-807-4256,lchalcroftfi@google.ca,2002,98744780v
Rois,Darcy,Lakenton,594 Marcy Pass,405-869-1182,dlakentonfj@edublogs.org,1992,88374982v
Reba,Vanya,Lamkin,723 Ronald Regan Point,531-123-2201,vlamkinfk@bbc.co.uk,1951,25104293v
Torey,Waneta,Hutable,00 Artisan Plaza,711-305-9450,whutablefl@microsoft.com,1975,70618085v
Louis,Juliane,Lanchester,8965 Ridgeway Center,924-461-1721,jlanchesterfm@dion.ne.jp,1960,85050204v
Tess,Dell,Wrintmore,8 Ludington Trail,722-477-0276,dwrintmorefn@disqus.com,1974,90069767v
Kizzee,Sully,Feria,11575 Kennedy Pass,485-530-9828,sferiafo@ifeng.com,1960,37633244v
Beverly,Vania,Churchman,02296 John Wall Center,252-995-3255,vchurchmanfp@mlb.com,2017,84655852v
Caren,Archie,Penddreth,932 Sycamore Court,886-592-8645,apenddrethfq@cpanel.net,1996,03579609v
Glendon,Ingrim,Brownjohn,5 Lake View Crossing,709-592-8140,ibrownjohnfr@bbc.co.uk,1981,57479650v
Ashien,Tonye,Wemm,817 Lunder Hill,391-969-0853,twemmfs@comcast.net,2013,29249431v
Freddie,Shay,Bedford,2 Blue Bill Park Crossing,778-572-5526,sbedfordft@skyrock.com,1954,24694751v
Thorvald,Mick,Grinham,1 Sullivan Center,149-931-9754,mgrinhamfu@google.it,2014,11102186v
Melba,Clare,Hanning,8189 Dapin Trail,121-607-2290,channingfv@statcounter.com,2004,22730618v
Sallie,Griffith,Short,5820 Springview Place,116-756-0034,gshortfw@wikipedia.org,1978,49550418v
Antoni,Tillie,Hryncewicz,02699 Loomis Point,329-427-4404,thryncewiczfx@canalblog.com,2016,18501390v
Britta,Arnoldo,Scarlett,8 Spohn Court,669-821-8833,ascarlettfy@moonfruit.com,1967,12997036v
Rozina,Wells,Plumtree,2 Bellgrove Crossing,584-568-3067,wplumtreefz@google.com.br,1959,36029824v
Gaultiero,Adrianne,Mityukov,80962 Brentwood Avenue,669-934-9771,amityukovg0@army.mil,1962,02793013v
Cissy,Jone,Hiddersley,5 Westridge Park,434-964-7060,jhiddersleyg1@altervista.org,2012,92322843v
Zsa zsa,Lothaire,Dearnly,308 Forest Point,317-370-4516,ldearnlyg2@netlog.com,1961,47816987v
Antonie,Willy,Rubinlicht,1 Hoard Terrace,676-159-7039,wrubinlichtg3@techcrunch.com,1997,94396711v
Carson,Mara,Snowsill,444 Mallard Crossing,224-498-4340,msnowsillg4@ustream.tv,1977,86181937v
Patrica,Cyril,Woolens,00 Maryland Place,380-863-3919,cwoolensg5@istockphoto.com,1954,08280272v
Sabra,Goldarina,Ervine,64 Crescent Oaks Terrace,993-236-4308,gervineg6@lulu.com,1971,50221168v
Cord,Maurits,Mitkov,0 Pearson Center,982-667-2017,mmitkovg7@imdb.com,2010,26581353v
Iosep,Jeanine,Skatcher,4343 Manufacturers Hill,845-110-5290,jskatcherg8@last.fm,1982,65383727v
Herby,Elisha,Pechard,02 Mesta Pass,330-170-4068,epechardg9@theguardian.com,1980,35139675v
Rouvin,Nedda,Stammler,21910 Morrow Trail,748-967-4312,nstammlerga@storify.com,1957,64390374v
Whit,Ethelred,Verheijden,37046 Reinke Parkway,784-596-1290,everheijdengb@hostgator.com,1996,03653203v
Brennan,Carole,Rosnau,98601 Veith Center,155-339-3810,crosnaugc@who.int,2013,18062769v
Mireille,Salli,MacCaffrey,5173 Warner Street,449-859-8862,smaccaffreygd@samsung.com,1978,02312194v
Tova,Ring,Fremantle,5330 Forest Run Court,398-252-7331,rfremantlege@china.com.cn,2000,67544912v
Salomon,Cullen,Hanscome,50670 Myrtle Point,797-821-2635,chanscomegf@home.pl,1988,21481588v
Horton,Allison,Espinosa,5 Laurel Crossing,248-442-8611,aespinosagg@nydailynews.com,1982,01133041v
Zollie,Loella,Cocksedge,83 Morrow Lane,582-136-0226,lcocksedgegh@oaic.gov.au,1954,56714388v
Herby,Akim,Tyght,74 Elmside Pass,395-714-8692,atyghtgi@xing.com,1968,58025912v
Washington,Clair,Reuble,76 Farwell Court,600-216-5509,creublegj@about.me,1956,07502960v
Trula,Rogerio,Organ,195 Hintze Trail,782-267-3606,rorgangk@scientificamerican.com,1986,96078972v
Analiese,Abagail,Bennitt,80472 Sundown Hill,501-888-6899,abennittgl@answers.com,1988,22963088v
Krystle,Robinson,Haldon,0 Mitchell Way,999-197-1609,rhaldongm@tripod.com,1993,21315274v
Terese,Marya,Knowlden,7570 Cody Court,295-923-2394,mknowldengn@apache.org,1954,64810743v
Jojo,Agosto,Spreag,420 Pearson Avenue,675-435-0993,aspreaggo@trellian.com,2012,75665684v
Della,Leo,Gever,2127 Waubesa Circle,839-232-1648,lgevergp@tripod.com,1978,90895029v
Chaim,Catlaina,Loyd,0666 Carpenter Center,252-196-1843,cloydgq@businessinsider.com,1973,73549501v
Peggie,Ashton,Coil,11 Emmet Lane,700-153-9643,acoilgr@constantcontact.com,1992,26800876v
Helaina,Corry,Zini,199 8th Drive,227-329-4169,czinigs@google.com.hk,1976,81179096v
Caryl,Francesco,Elliman,15 Graedel Hill,967-724-9296,fellimangt@1688.com,2007,05975492v
Robyn,Maitilde,Pinchin,631 6th Hill,980-722-5447,mpinchingu@omniture.com,1952,39921552v
Papageno,Arabella,Dilloway,598 Bonner Pass,992-626-1902,adillowaygv@nytimes.com,2013,53239159v
Letisha,Reinhold,Howatt,8 Bellgrove Center,847-221-9254,rhowattgw@xinhuanet.com,1986,72077012v
Kerry,Adamo,Bissiker,38109 Brickson Park Road,923-672-8728,abissikergx@vistaprint.com,1984,77421462v
Angelia,Valry,Riehm,325 Dixon Lane,918-496-8634,vriehmgy@pinterest.com,1967,12086749v
Isidora,Blinnie,Mariet,80 Susan Plaza,628-436-0406,bmarietgz@weather.com,2007,97948115v
Katha,Martguerita,MacTague,5018 Vera Center,597-467-1465,mmactagueh0@sogou.com,1975,22465998v
Bobbye,Augy,Rainey,2 Delaware Drive,872-118-6191,araineyh1@tripod.com,1970,20632788v
Ikey,Fabio,Frapwell,85 Gulseth Point,408-684-1154,ffrapwellh2@geocities.jp,2008,95388539v
Martino,Alberta,Dransfield,7 Corry Plaza,450-407-9900,adransfieldh3@bloglines.com,1964,22468480v
Elston,Henderson,Solman,8071 Ilene Park,782-161-1939,hsolmanh4@cam.ac.uk,1977,85673174v
Dael,Cherianne,Vile,15686 Birchwood Junction,209-947-8149,cvileh5@techcrunch.com,1997,61735021v
Fowler,Alwin,Girvin,83326 Mandrake Place,526-933-1771,agirvinh6@freewebs.com,1959,60382820v
Conroy,Tuck,Karran,98309 Erie Center,249-222-3352,tkarranh7@jalbum.net,1978,17797100v
Anstice,Filberte,MacCartair,3978 Eliot Way,204-344-5835,fmaccartairh8@gov.uk,2005,45373644v
Dina,Dinnie,Drinkhall,0 Esker Place,289-149-1339,ddrinkhallh9@nyu.edu,1958,96010972v
Jimmie,Kinnie,Hook,335 Mariners Cove Park,375-171-8273,khookha@canalblog.com,1961,93104514v
Aeriel,Louis,Loader,1826 Steensland Avenue,763-607-0467,lloaderhb@howstuffworks.com,1999,34148911v
Lucas,Isidro,Furphy,4433 Nobel Parkway,451-792-1462,ifurphyhc@mozilla.com,1966,59508382v
Mychal,Anette,Zorzin,1 Heffernan Terrace,818-828-6487,azorzinhd@w3.org,2008,11018004v
Sherline,Dasi,McLanaghan,853 Buhler Point,587-538-4552,dmclanaghanhe@theglobeandmail.com,1965,36335273v
Prent,Alvin,Moizer,9 Derek Crossing,297-549-3838,amoizerhf@npr.org,1995,28817842v
Krispin,Caren,MacKim,06542 Cascade Parkway,209-901-8008,cmackimhg@slashdot.org,1979,93493025v
Pet,Megen,Beric,83 8th Point,113-229-8293,mberichh@wiley.com,2013,69270479v
Bradly,Edie,Spellacy,3 Lukken Road,714-792-4680,espellacyhi@geocities.com,1998,79947760v
Ward,Rey,Dane,0 Scofield Junction,459-510-9373,rdanehj@hc360.com,1968,06520982v
Anjela,Norah,Kemmey,65696 Utah Road,696-376-9021,nkemmeyhk@rakuten.co.jp,1965,81157345v
Lindie,Meghan,Hawkswell,8 Arrowood Place,978-808-3771,mhawkswellhl@sun.com,2004,46337324v
Geoffry,Brian,Danko,24 Sachtjen Court,646-611-2694,bdankohm@nifty.com,1987,74132535v
Elbertina,Galen,Bauld,42 Texas Plaza,785-445-0852,gbauldhn@opensource.org,1990,55788625v
Maxy,Chrysa,Roskam,297 Aberg Pass,858-933-7027,croskamho@slideshare.net,1966,20215495v
Sybyl,Rici,Danigel,4 Briar Crest Place,580-778-5607,rdanigelhp@youtube.com,2006,10088538v
Robena,Franky,Janouch,2 Little Fleur Park,164-471-3161,fjanouchhq@indiegogo.com,2008,91846740v
Shane,Godard,Goodall,1 Melvin Circle,444-434-8961,ggoodallhr@tripadvisor.com,1959,92073613v
Tierney,Eden,Badham,66 Westport Street,135-398-2382,ebadhamhs@creativecommons.org,1970,03228915v
Gris,Clemmy,Caron,4176 Jackson Way,706-556-0475,ccaronht@shareasale.com,1968,64475563v
Philippine,Angeline,Bloomer,03 Algoma Park,987-437-8877,abloomerhu@unicef.org,1982,77794424v
Rebe,Merrile,Swaysland,8829 Melody Parkway,305-339-2207,mswayslandhv@dedecms.com,1982,58232781v
Georgi,Isiahi,Herkess,095 Nova Court,707-374-5118,iherkesshw@free.fr,1965,47431744v
Fawnia,Tallou,Schuchmacher,40733 Monument Way,830-269-4920,tschuchmacherhx@imdb.com,1962,72883923v
Jilly,Bentley,Badsey,15048 Melrose Road,162-690-9372,bbadseyhy@bbc.co.uk,1952,07318775v
Goldi,Zebulon,Dorwood,87 Petterle Trail,789-808-0629,zdorwoodhz@mapquest.com,1967,83029896v
Lurline,Lucian,Ewenson,8427 Caliangt Alley,167-938-1178,lewensoni0@wsj.com,1971,69126751v
Burton,Bucky,Lathee,1 Harbort Avenue,186-569-0405,blatheei1@msu.edu,2011,52822282v
Wyn,Hermia,Pepye,76 Fair Oaks Point,324-385-8576,hpepyei2@360.cn,1965,08213800v
Godfrey,Janela,Idell,1822 Waubesa Alley,650-999-1576,jidelli3@msu.edu,2003,75368824v
Gun,Thornton,Legging,8090 Kropf Lane,109-330-8725,tleggingi4@reddit.com,1987,50818581v
Nolie,Bridgette,Blaschke,68740 Hudson Lane,118-176-8712,bblaschkei5@cmu.edu,1986,33058217v
Goldina,Marne,Tollerton,61313 Mcguire Center,835-117-0414,mtollertoni6@patch.com,1970,92163247v
Mahmoud,Cathie,Edel,65941 David Plaza,800-968-4671,cedeli7@amazon.co.uk,1972,88598863v
Franny,Kaila,Philips,836 Ramsey Avenue,726-306-2647,kphilipsi8@cbslocal.com,2009,99171501v
Fabien,Sheelah,Sandey,62 Utah Pass,351-753-0602,ssandeyi9@uiuc.edu,1991,72960526v
Lorna,Vera,Jodlkowski,65 Myrtle Drive,750-873-3753,vjodlkowskiia@tmall.com,1964,81360691v
Adria,Leshia,Klimczak,4 Saint Paul Alley,912-194-6027,lklimczakib@aol.com,1997,07424757v
Beatrice,Hedy,Bulfoot,49997 Portage Junction,960-794-7910,hbulfootic@topsy.com,2011,59544465v
Giorgio,Dorthea,Woodington,474 Old Gate Pass,485-785-9911,dwoodingtonid@360.cn,1972,30726306v
Micki,Iain,Hindenburg,972 Judy Avenue,786-788-8182,ihindenburgie@alibaba.com,1995,29904833v
Odelle,Jodi,Cheer,5 Elka Junction,674-279-3366,jcheerif@ehow.com,2017,87322007v
Elsey,Joellyn,Ellam,5 Annamark Road,717-292-7318,jellamig@state.tx.us,1978,04370372v
Caesar,Cchaddie,Fickling,4 Killdeer Way,239-195-0351,cficklingih@cbslocal.com,1957,91404333v
Jerrilee,Mirelle,Bernardy,90745 Lakewood Gardens Way,625-614-5521,mbernardyii@over-blog.com,1957,44572446v
Caterina,Raven,Tritten,5 Clarendon Park,384-258-2034,rtrittenij@economist.com,1996,78432012v
Janka,Brennen,Tarn,2 Portage Way,365-421-8588,btarnik@bravesites.com,1966,39471503v
Rayshell,Ariana,Burgne,03544 Lighthouse Bay Avenue,422-899-8131,aburgneil@accuweather.com,1971,19096192v
Lianna,Parker,Powder,975 Oriole Road,346-529-5767,ppowderim@home.pl,1986,85977916v
Tito,Margarete,Van Der Walt,97 Jay Alley,564-192-1452,mvanderwaltin@ask.com,1986,30629125v
Leta,Emelen,Dislee,7 Graedel Pass,202-137-6094,edisleeio@myspace.com,1989,50037123v
Freddy,Forster,Minchinton,329 Express Avenue,755-948-2559,fminchintonip@google.es,1976,32606922v
Mallorie,Bird,Gohier,7 Cordelia Place,600-358-9216,bgohieriq@usda.gov,1971,71306101v
Sapphira,Bogart,Whitwell,8 2nd Plaza,597-301-9776,bwhitwellir@fema.gov,1952,87241197v
Lacy,Sarajane,Deschelle,76 Hauk Circle,106-340-4470,sdeschelleis@1688.com,1962,42721545v
Shayna,Letti,Gothup,945 Hermina Circle,310-859-4090,lgothupit@jimdo.com,1965,49839836v
Leisha,Courtenay,Moyes,4831 Hollow Ridge Court,172-963-0654,cmoyesiu@nsw.gov.au,2003,14844584v
Sinclare,Hewe,Dow,4747 Sugar Street,376-672-3570,hdowiv@stanford.edu,2003,97971711v
Knox,Moria,Birtonshaw,5 Northfield Trail,898-833-0566,mbirtonshawiw@answers.com,1969,96659513v
Mathew,Judon,Dilleway,34528 Birchwood Drive,401-497-3424,jdillewayix@live.com,1954,92314194v
Isaac,Dredi,Boxell,3 Crownhardt Plaza,622-808-3357,dboxelliy@vinaora.com,1956,65847229v
Lewie,Octavia,Sigg,560 Mendota Park,830-928-7031,osiggiz@linkedin.com,2017,43809143v
Nissie,Sutherlan,Stewartson,08725 Nelson Junction,630-930-1413,sstewartsonj0@wufoo.com,1964,98007802v
Kandace,Tabbitha,Snaden,1 Arkansas Terrace,205-211-0891,tsnadenj1@blogs.com,1969,83417652v
Korney,Grace,Peter,37 Dexter Center,538-635-3277,gpeterj2@cbsnews.com,1978,59469515v
Ursola,Mortimer,Gowthorpe,78686 Lukken Road,263-947-2707,mgowthorpej3@mozilla.org,2013,40761907v
Sibeal,Tania,Kytley,6712 Village Green Park,276-111-9366,tkytleyj4@opensource.org,2006,31834357v
Roberta,Harmony,Batrop,82473 Prentice Hill,479-409-9221,hbatropj5@oaic.gov.au,1988,96691179v
Mildrid,Gisele,Checchi,40 7th Terrace,546-926-5993,gchecchij6@yahoo.com,1960,38975382v
Rolfe,Leelah,Hindsberg,296 Upham Alley,140-378-3395,lhindsbergj7@latimes.com,1972,79162698v
Catarina,Berthe,Hickenbottom,01848 Montana Hill,971-562-0413,bhickenbottomj8@gizmodo.com,2012,11370631v
Prudence,Neal,Skillington,46602 Ludington Way,124-559-0933,nskillingtonj9@ifeng.com,1993,01995164v
Orly,Malina,Vertigan,229 Jenna Lane,384-554-7932,mvertiganja@umn.edu,1961,38376102v
Glen,Catharine,Jakuszewski,9853 Division Plaza,482-229-9094,cjakuszewskijb@altervista.org,1962,27807003v
Lelah,Kynthia,Davydkov,2421 Harper Alley,590-281-5403,kdavydkovjc@odnoklassniki.ru,1971,40271689v
Austen,Abbie,Sherr,5 Mesta Terrace,316-190-8686,asherrjd@diigo.com,1957,83196479v
Samuel,Angie,Fodden,98264 Sunfield Place,204-120-4146,afoddenje@shinystat.com,2010,60426052v
Edi,Gasparo,Denial,81881 Brentwood Trail,400-916-6671,gdenialjf@mysql.com,2015,64126111v
Pandora,Mycah,Ebunoluwa,306 8th Trail,379-139-4681,mebunoluwajg@statcounter.com,2009,58242718v
Lydia,Lemmy,Danielian,93687 Rusk Junction,750-480-9294,ldanielianjh@va.gov,1979,03312328v
Natka,Jane,Bloxsum,80 Kennedy Circle,517-194-7926,jbloxsumji@clickbank.net,1984,31563878v
Hersh,Lorne,Franks,4617 Manitowish Trail,107-266-9545,lfranksjj@bizjournals.com,2001,60613870v
Burtie,Issie,Godier,11490 Raven Drive,316-293-0556,igodierjk@nydailynews.com,1953,76800126v
Katherina,Cacilie,Kinnaird,1638 Menomonie Crossing,595-295-2835,ckinnairdjl@foxnews.com,2016,55645567v
Charmian,Archambault,Frounks,86615 Mesta Road,568-696-5294,afrounksjm@ucoz.ru,2015,06340385v
Curtis,Maje,Sisneros,60 Ohio Place,885-264-3637,msisnerosjn@wufoo.com,2015,13668790v
Corette,Haley,Stonier,85077 Holy Cross Hill,894-845-3274,hstonierjo@wsj.com,1953,11155255v
Erl,Lucio,Whetton,77 Susan Alley,915-475-4098,lwhettonjp@angelfire.com,2007,12032348v
Brook,Tabbitha,Mitcheson,0 Doe Crossing Terrace,483-520-5626,tmitchesonjq@biglobe.ne.jp,1976,43937766v
Willy,Minny,Nouch,51207 Chinook Alley,577-960-1679,mnouchjr@usgs.gov,1977,21628220v
Kessiah,Jerry,Knotte,0 Namekagon Circle,190-759-7755,jknottejs@twitpic.com,1962,77974832v
Robin,Mala,MacNelly,712 Bluestem Court,440-615-0841,mmacnellyjt@studiopress.com,1983,30591805v
Chancey,Sarine,Timny,137 Sunfield Hill,816-430-1060,stimnyju@blogtalkradio.com,1966,51218678v
Idaline,Bertrand,Fereday,4682 Sullivan Place,952-313-6939,bferedayjv@xing.com,2004,72856901v
Leone,Agnella,Pepi,95148 Continental Way,167-335-2068,apepijw@parallels.com,1965,85373805v
Gayleen,Maddy,Conduit,98503 Hagan Court,336-177-5574,mconduitjx@chron.com,1975,25368880v
Elisha,Cariotta,Brattan,600 Hoard Point,296-273-3818,cbrattanjy@tmall.com,2002,88386665v
Malinda,Jens,McAllan,78 Truax Street,634-572-5856,jmcallanjz@hao123.com,1969,90883753v
Amelita,Bobby,Rhymer,163 Pine View Hill,840-582-2806,brhymerk0@reference.com,2010,90158928v
Elton,Coleen,Dufoure,6 Rieder Trail,338-177-6959,cdufourek1@blogspot.com,1986,75062679v
Zachery,Ulrikaumeko,Braunds,5897 Hallows Lane,369-767-5720,ubraundsk2@dailymail.co.uk,2010,31225808v
Kristel,Deerdre,Gwinnell,3 Cottonwood Hill,498-757-9234,dgwinnellk3@craigslist.org,2002,38782147v
Rollins,Corissa,Sandercroft,3 Holy Cross Pass,608-388-3793,csandercroftk4@phoca.cz,1999,38217964v
Davey,Parker,Hagyard,681 Spenser Lane,993-308-8189,phagyardk5@upenn.edu,2013,92136417v
Romola,Cristian,Ferby,1790 Westridge Road,315-969-4186,cferbyk6@ning.com,1984,54769579v
Benetta,Silvester,Carlick,74 Brickson Park Point,335-914-0267,scarlickk7@washingtonpost.com,1957,72391158v
Christen,Elbertine,Lydford,1732 Crownhardt Way,693-534-0467,elydfordk8@businesswire.com,1997,80582739v
Weylin,Fulvia,Haysey,46 Delladonna Crossing,508-858-1622,fhayseyk9@g.co,1965,79067992v
Murray,Delores,Craddy,45 Sundown Crossing,331-207-8932,dcraddyka@alibaba.com,1991,51443203v
Dasha,Maudie,Baxandall,78 Scoville Way,126-770-4750,mbaxandallkb@nymag.com,1974,20719850v
Morlee,Christoph,Duckett,85956 Prairieview Junction,618-625-3493,cduckettkc@acquirethisname.com,1963,71066323v
Abdel,Lorrie,Fincke,71 Gina Park,413-263-7278,lfinckekd@dot.gov,1974,08320545v
Bree,Artur,Ewins,0 Manufacturers Circle,509-428-5564,aewinske@macromedia.com,2005,00242661v
Alberto,Aurea,Antonov,3 Loftsgordon Hill,829-756-6855,aantonovkf@infoseek.co.jp,1955,41724769v
Dorry,Samuel,Eccersley,722 Steensland Way,503-744-6893,seccersleykg@facebook.com,1997,16933677v
Nanni,Filberte,Allbones,71503 Hooker Parkway,623-445-2057,fallboneskh@paypal.com,1996,13938282v
Bianka,Horacio,Haylor,6384 Buhler Street,811-668-3404,hhaylorki@mashable.com,1974,63337963v
Heida,Appolonia,Luggar,2 Muir Place,324-991-1407,aluggarkj@illinois.edu,1981,58895371v
Sashenka,Georgetta,Lethlay,337 Randy Parkway,145-497-9061,glethlaykk@youtube.com,2015,52982483v
Major,Aloin,Denkin,622 Mcbride Point,956-702-3052,adenkinkl@google.es,2013,17052512v
Konrad,Rustie,Ninotti,9 2nd Junction,696-869-6389,rninottikm@aboutads.info,1977,66784808v
Butch,Roderick,Dracksford,7 Talisman Point,566-506-6155,rdracksfordkn@japanpost.jp,2013,24725986v
Sterling,Martainn,Ohanessian,116 Porter Hill,143-865-0057,mohanessianko@army.mil,1964,29947045v
Johna,Deane,Bracegirdle,42 Fair Oaks Place,453-517-5214,dbracegirdlekp@linkedin.com,1965,90880286v
Annalise,Thorndike,Coen,1528 Mockingbird Court,148-779-5131,tcoenkq@mapy.cz,1977,70461171v
Nancie,Ramona,Geill,363 Declaration Terrace,755-502-0891,rgeillkr@usda.gov,1958,13772221v
Marv,Bridgette,Pengelley,314 Pawling Road,661-991-6846,bpengelleyks@skype.com,1997,48935140v
Vina,Sharai,Gerrill,15 Bellgrove Place,743-470-3313,sgerrillkt@google.es,1980,25113557v
Brear,Cassius,Lygo,37 Laurel Circle,541-185-0137,clygoku@webs.com,1973,46606696v
Woodie,Niel,Brugman,69 Huxley Alley,984-301-4919,nbrugmankv@sfgate.com,1994,83169343v
Grady,Baron,Janda,56 Shasta Park,100-203-3295,bjandakw@opensource.org,1961,73837322v
Dael,Leontyne,Izkovici,0312 Boyd Park,258-928-6278,lizkovicikx@soup.io,1970,19211252v
Carleen,Maxy,Willment,46 Erie Avenue,815-323-7483,mwillmentky@goo.ne.jp,2005,99818560v
Koral,Mora,Spackman,13749 Bayside Street,442-709-5087,mspackmankz@cdc.gov,1967,91922317v
Orelia,Dolorita,Older,21 Red Cloud Terrace,776-138-8299,dolderl0@cam.ac.uk,1958,59765506v
Damiano,Kalindi,Bartomieu,8 Claremont Hill,412-971-0380,kbartomieul1@freewebs.com,1989,73274742v
Dave,Chloe,Hurd,1993 Florence Junction,728-776-7543,churdl2@slideshare.net,2011,29381340v
Maison,Melodee,Shearmer,02931 Raven Lane,635-332-1971,mshearmerl3@weibo.com,1995,14904894v
Giffie,Dulcine,Shawyer,2 Village Drive,875-720-0456,dshawyerl4@geocities.com,2002,06650292v
Gus,Hamid,Sheilds,9 Waxwing Avenue,856-857-6214,hsheildsl5@issuu.com,1969,78353249v
Alick,Livvy,Menico,98090 Ridgeview Crossing,145-325-0885,lmenicol6@eventbrite.com,2002,43294664v
Dione,Carolyne,Way,786 Grayhawk Point,809-633-5166,cwayl7@multiply.com,1995,94846253v
Ebonee,Lennie,Folomkin,910 Derek Alley,984-952-0465,lfolomkinl8@intel.com,1989,29121482v
Penelopa,Robinet,Kenewell,7210 Westend Pass,146-744-8933,rkenewelll9@miibeian.gov.cn,1988,76946792v
Jinny,Bruno,Tinner,1 Express Court,868-564-2872,btinnerla@shop-pro.jp,1991,94339430v
Gilemette,Ondrea,Dearing,651 Westerfield Court,903-761-1803,odearinglb@cnn.com,2014,27307556v
Charissa,Cosette,Aughtie,995 Kim Terrace,130-251-3976,caughtielc@bing.com,2008,70136405v
Aguistin,Terra,Slimm,77986 8th Trail,129-930-1347,tslimmld@cdbaby.com,1971,35985637v
Natale,Jocelin,Ossulton,4334 Eagan Center,315-442-5802,jossultonle@icio.us,2014,68173402v
Wendye,Loleta,Aldgate,34 Randy Crossing,576-463-9474,laldgatelf@soup.io,1978,13704467v
Rhys,Guendolen,Weld,9 Veith Way,595-815-2628,gweldlg@t.co,1962,85533244v
Farica,Maddi,Angric,1 Raven Street,493-971-0773,mangriclh@furl.net,1962,00140721v
Alasteir,Karalynn,Hrihorovich,692 Fieldstone Crossing,265-534-6855,khrihorovichli@altervista.org,1975,61527108v
Neille,Raquel,Kestin,2 Hoard Plaza,154-401-7907,rkestinlj@google.pl,2006,50841158v
Juana,Lyell,Bowditch,19207 Meadow Vale Drive,208-499-8822,lbowditchlk@reddit.com,2000,03295350v
Blair,Avrit,Iacovone,9535 Susan Plaza,777-959-5217,aiacovonell@rakuten.co.jp,1964,31345412v
Meris,Lark,Dahlman,149 Jana Street,304-875-0709,ldahlmanlm@nytimes.com,2009,56690354v
Godart,Adel,Wardesworth,183 American Ash Crossing,997-788-2577,awardesworthln@slashdot.org,2009,27319665v
Enriqueta,Ilyssa,Blethin,75831 West Park,774-452-7857,iblethinlo@bravesites.com,1989,37319730v
Willy,Durand,Ubsdall,3 Anniversary Drive,648-330-5952,dubsdalllp@theglobeandmail.com,2011,53844066v
Sharai,Selby,Keoghan,5868 Pleasure Road,427-649-4226,skeoghanlq@ftc.gov,1962,10797064v
Drucy,Lynnell,Stannion,5505 Elgar Terrace,737-685-3457,lstannionlr@engadget.com,1951,06222174v
Cynthie,Rachelle,Joutapavicius,202 Farmco Road,380-266-3174,rjoutapaviciusls@artisteer.com,1974,24798215v
Holly,Lia,Napier,78 South Center,243-687-5388,lnapierlt@goo.ne.jp,2001,42099934v
Marquita,Sherie,Pendall,59 Walton Drive,530-588-1388,spendalllu@spiegel.de,1951,25945423v
Dona,Candi,Storton,14 American Court,351-683-8234,cstortonlv@howstuffworks.com,2009,22492059v
Rani,Fielding,Matejka,522 Armistice Court,708-114-4215,fmatejkalw@shinystat.com,1968,60398970v
Barrett,Arnuad,Farnell,1 Messerschmidt Crossing,971-457-4026,afarnelllx@npr.org,1981,65436774v
Hilliary,Susy,Selman,736 Havey Hill,231-410-4021,sselmanly@godaddy.com,1995,82389408v
Annnora,Dorisa,Dwire,6947 Knutson Lane,795-404-7707,ddwirelz@photobucket.com,2008,46045394v
Mariam,Pembroke,McIntosh,91672 Pleasure Terrace,743-312-4747,pmcintoshm0@gravatar.com,1994,70994407v
Lolly,Parke,Lakeland,0896 Moose Road,488-948-0658,plakelandm1@feedburner.com,1971,98817237v
Concettina,Gallagher,Hadgraft,80 Merchant Crossing,895-564-2898,ghadgraftm2@printfriendly.com,1960,63023452v
Vivian,Ned,Helsby,496 Holmberg Court,368-393-2832,nhelsbym3@wiley.com,2009,89512680v
Barbi,Letti,Glison,0 Bobwhite Lane,434-196-6221,lglisonm4@stanford.edu,1994,19636018v
Conrade,Joanne,Coundley,01 Blackbird Point,858-519-8178,jcoundleym5@dyndns.org,1974,19194805v
Tamma,Rosalyn,Anton,40456 Talmadge Street,741-750-0697,rantonm6@51.la,1959,56418471v
Garnet,Rolfe,Grinter,540 Westport Trail,856-664-3452,rgrinterm7@deviantart.com,1950,92677594v
Sky,Gina,Channon,05 Merry Street,970-383-5892,gchannonm8@w3.org,1951,23301068v
Ninette,Hobart,Strangward,1927 Kedzie Plaza,576-347-5308,hstrangwardm9@tiny.cc,1990,31180318v
Garreth,Erika,Liccardi,05 Toban Center,569-282-8890,eliccardima@discovery.com,1991,07925316v
Fleurette,Lynn,Mum,63 Havey Hill,102-910-0528,lmummb@pbs.org,2016,52461480v
Bendicty,Gertie,Staff,1013 Village Parkway,473-339-4102,gstaffmc@facebook.com,2011,44160843v
Dacie,Frayda,Gorch,4 North Center,437-283-4521,fgorchmd@nyu.edu,2005,65370415v
Helli,Rabbi,Liles,9 Michigan Point,179-922-6108,rlilesme@comsenz.com,1979,68732897v
Cassandra,Brande,Denizet,16 Sheridan Terrace,588-836-8326,bdenizetmf@zdnet.com,1956,40317299v
Gelya,Godfrey,Claworth,80 Glacier Hill Plaza,631-496-0661,gclaworthmg@delicious.com,1950,51183397v
Kaela,Ellissa,Dumpleton,6390 Glendale Alley,325-286-4569,edumpletonmh@theatlantic.com,2001,34589583v
Genevieve,Sallee,Jamot,7 Lindbergh Junction,409-246-9318,sjamotmi@flickr.com,2001,29717178v
Cello,Elana,Ricardot,41032 Wayridge Drive,610-322-3142,ericardotmj@about.com,1950,36455599v
Eadie,Tammie,Buckthorp,96 Jana Alley,780-456-9679,tbuckthorpmk@theglobeandmail.com,1960,18587883v
Hagan,Gilli,Roeby,6504 Eliot Lane,566-362-2685,groebyml@rediff.com,1997,51758451v
Clio,Charyl,Hanselman,9261 Bayside Alley,608-132-5421,chanselmanmm@ucsd.edu,2010,65494544v
Jabez,Rosanna,Demer,170 Troy Circle,842-785-4163,rdemermn@apple.com,2005,84424456v
Raleigh,Clemence,Cicccitti,73162 Summerview Junction,440-381-9591,ccicccittimo@tumblr.com,1974,37878934v
Donnie,Ayn,Spellar,6578 Carpenter Junction,914-181-7563,aspellarmp@reference.com,1974,82945635v
Edwin,Wandie,Shimmans,61 Ilene Alley,145-670-9132,wshimmansmq@123-reg.co.uk,2004,17615770v
Ransom,Celestine,Ashbridge,81745 Dakota Crossing,544-258-5476,cashbridgemr@hostgator.com,1993,85652067v
Charlena,Ariel,Drews,385 Sunnyside Court,162-542-0010,adrewsms@sakura.ne.jp,1997,87370749v
Row,Alena,Biset,12 Chinook Court,205-385-9981,abisetmt@printfriendly.com,1977,30012033v
Lorena,Ofelia,Ciottoi,64 Esch Junction,806-312-8061,ociottoimu@illinois.edu,1950,65857389v
Jeffie,Kittie,Few,64 Lien Street,762-530-6870,kfewmv@redcross.org,1972,84721177v
Sibilla,Xerxes,MacKenny,37 Rusk Alley,534-142-2353,xmackennymw@shop-pro.jp,1994,61772281v
Vyky,Kala,Blundin,08214 Commercial Center,957-344-0761,kblundinmx@uol.com.br,1974,01601213v
Amos,Guntar,Boldison,655 Ruskin Avenue,371-334-4239,gboldisonmy@yandex.ru,1987,96604422v
Pamella,Claribel,Illes,8 Clemons Crossing,538-356-4115,cillesmz@wikipedia.org,2014,74321435v
Olympe,Kamilah,Wilcot,7 Everett Trail,388-509-9523,kwilcotn0@usgs.gov,1976,28511429v
Gabie,Dayna,Caskie,174 Talmadge Point,836-818-5760,dcaskien1@ihg.com,2002,69396388v
Sherlock,Maritsa,Rate,6 Hagan Point,642-883-6672,mraten2@photobucket.com,1993,74214309v
Berk,Dominic,Covill,6639 Elgar Way,974-771-1701,dcovilln3@dailymail.co.uk,1989,14448204v
Lenard,Trixie,Drillot,97 Spaight Pass,401-341-6262,tdrillotn4@ftc.gov,1992,88824685v
Seth,Irwinn,Pargetter,84964 Caliangt Point,534-265-0308,ipargettern5@cbsnews.com,2006,70438421v
Florance,Rufe,Whellams,1 Parkside Drive,402-666-3849,rwhellamsn6@salon.com,2004,67909317v
Pat,Taffy,Wretham,662 New Castle Circle,786-493-3594,twrethamn7@mashable.com,1972,12134450v
Demeter,Marmaduke,Ricart,56590 Magdeline Pass,480-387-2880,mricartn8@desdev.cn,1980,13365926v
Ashton,Stuart,Jiggle,8 Northridge Circle,570-403-7764,sjigglen9@purevolume.com,1966,22218263v
Thoma,Rutger,Teasell,07 Springs Point,151-409-4915,rteasellna@army.mil,1995,97557992v
Sondra,Bryanty,Lamacraft,532 Fair Oaks Point,967-883-5268,blamacraftnb@indiatimes.com,1983,42536025v
Georgia,Jessamine,Alfonsetto,14894 Glacier Hill Drive,229-651-3469,jalfonsettonc@japanpost.jp,2013,88698479v
Mag,Georgina,MacGaughie,14 Carberry Terrace,835-251-6618,gmacgaughiend@fotki.com,1980,72262310v
Teodora,Padriac,Dron,44 Gina Center,523-210-9934,pdronne@facebook.com,1982,35811162v
Dniren,Jamal,Ishaki,535 Derek Court,889-731-9515,jishakinf@arstechnica.com,1983,20878946v
Yale,Marshal,Royce,0 Northfield Lane,538-541-2505,mroyceng@is.gd,1967,39240545v
Stern,Delmer,Talloe,754 Bartelt Hill,163-586-5068,dtalloenh@theguardian.com,2015,89636535v
Leonard,Ethel,Loveguard,063 Arkansas Circle,314-147-1755,eloveguardni@marketwatch.com,2004,21607106v
Clari,Ingeborg,Witz,927 Oriole Plaza,609-372-0696,iwitznj@furl.net,1981,67048787v
Tessy,Jesse,Drakeford,5 Carberry Road,997-401-8168,jdrakefordnk@princeton.edu,1959,25289675v
Dimitry,Teodor,Capaldo,0504 Hoard Trail,923-690-5057,tcapaldonl@psu.edu,1955,17423849v
Gilles,Woodman,Lethebridge,75614 Alpine Trail,423-327-4846,wlethebridgenm@epa.gov,1960,92843217v
Bud,Pieter,Burkhill,8059 Tennessee Pass,990-528-0999,pburkhillnn@yelp.com,2000,04975348v
Blayne,Basil,Tate,92767 Arizona Alley,271-430-5107,btateno@unesco.org,1996,41160871v
Belita,Bord,Lucken,9 Iowa Point,546-735-7050,bluckennp@alibaba.com,2017,15657688v
Samuele,Lauren,Mc Kellen,77401 Forest Run Terrace,974-206-5067,lmckellennq@xrea.com,1955,24856549v
Conrado,Shanda,Tootin,98 Shasta Point,992-930-0395,stootinnr@washington.edu,2003,15148230v
Bary,Joly,Fuente,04 Florence Park,972-634-0484,jfuentens@comcast.net,1998,58360393v
Joletta,Marty,Dutch,285 Shoshone Street,318-609-9454,mdutchnt@usda.gov,1979,82277980v
Joellyn,Brunhilde,Scranney,69 Sheridan Trail,818-112-2890,bscranneynu@about.com,1969,02933266v
Eal,Arthur,MacKnockiter,7838 Ridge Oak Street,301-182-0145,amacknockiternv@angelfire.com,2006,93349378v
Jonie,Aloise,Grenkov,8 Crowley Hill,188-781-4419,agrenkovnw@blogspot.com,1993,54950452v
Reine,Remus,Baysting,91 Steensland Avenue,930-249-3710,rbaystingnx@phoca.cz,1961,92896066v
Tiertza,Sabine,King,1 Comanche Lane,838-304-5436,skingny@house.gov,1976,19469005v
Aldus,Beck,Petschel,97 Northfield Crossing,901-144-1325,bpetschelnz@sina.com.cn,2004,45371413v
Catherin,Baudoin,Blaydes,91103 Bonner Point,940-565-8048,bblaydeso0@webeden.co.uk,1992,82551654v
Shantee,Murielle,Louthe,5 Birchwood Pass,380-322-6284,mloutheo1@gmpg.org,1971,27030549v
Frederick,Thomasin,O'Sherin,45 Village Place,350-475-2807,tosherino2@bluehost.com,2000,33497978v
Gerhard,Lani,Kilbane,128 Forster Avenue,629-448-4566,lkilbaneo3@canalblog.com,1975,98722152v
Sylvester,Andros,Sphinxe,69 Prairieview Lane,601-693-5631,asphinxeo4@godaddy.com,2008,99703292v
Sofie,Everett,Badder,9287 Esch Lane,813-788-4479,ebaddero5@arizona.edu,1971,01482898v
Deb,Jenni,Eustis,68953 Crescent Oaks Plaza,598-383-6367,jeustiso6@qq.com,2013,79921295v
Joe,Misha,Malser,82404 Onsgard Alley,670-710-7701,mmalsero7@cbsnews.com,1965,37101360v
Dion,Gauthier,Semble,1 Sunfield Pass,994-775-2489,gsembleo8@berkeley.edu,2001,70207329v
Joella,Roseann,O'Bruen,7 Eagle Crest Trail,209-622-6119,robrueno9@behance.net,1951,26704141v
Sol,Audi,Florez,55482 Prairie Rose Circle,569-401-5212,aflorezoa@mapquest.com,2006,80284289v
Hamish,Griffin,Daines,1 Ruskin Road,294-838-7001,gdainesob@constantcontact.com,1956,41414330v
Hendrika,Felicia,Grimsditch,5 Comanche Alley,193-299-4664,fgrimsditchoc@businessweek.com,2000,41409575v
Sam,Dolli,Abelwhite,15 Eagle Crest Drive,393-851-3835,dabelwhiteod@apache.org,1956,19543814v
Vivie,Aimil,Benion,18681 Sullivan Crossing,360-234-9197,abenionoe@nyu.edu,2006,82521661v
Jdavie,Carolee,Lilian,4 Village Green Place,277-857-9614,clilianof@reverbnation.com,1988,05691165v
Minne,Denni,Gatehouse,5 Armistice Street,213-309-1704,dgatehouseog@linkedin.com,2001,62458479v
Russell,Caryl,Bilham,47801 Redwing Court,201-966-0806,cbilhamoh@ning.com,1977,33177090v
Pat,Romonda,Bateman,6357 Nelson Way,515-325-8907,rbatemanoi@booking.com,2008,72677485v
Veronika,Gary,Ferrario,7 Memorial Point,589-189-6403,gferrariooj@mayoclinic.com,2007,82818678v
Evanne,Laurette,Vasilov,090 Duke Terrace,603-831-4598,lvasilovok@drupal.org,2017,99977324v
Eugenie,Libbey,Keeble,31 Eagan Place,711-824-3277,lkeebleol@whitehouse.gov,1963,26790988v
Douglass,Kit,Bushel,859 Veith Junction,992-205-4385,kbushelom@mtv.com,1993,89044796v
Eva,Jilleen,Espadater,13399 Longview Parkway,562-673-2933,jespadateron@printfriendly.com,1955,90586204v
Josh,Orella,Haine,6 Washington Center,688-697-1972,ohaineoo@histats.com,1971,23550328v
Dorisa,Diena,Cutchee,7 Fallview Lane,209-935-5051,dcutcheeop@youtu.be,1967,24956598v
Rafaellle,Theodora,Godbold,3796 Claremont Way,148-740-2897,tgodboldoq@meetup.com,1974,05130644v
Pren,Letti,Gudde,11 Novick Trail,653-686-6135,lguddeor@cargocollective.com,1986,66413755v
Blane,Lowell,Atyeo,39 Village Green Terrace,441-618-1903,latyeoos@istockphoto.com,1994,37006928v
Bailey,Brewster,Manoch,13765 Ryan Road,471-133-3405,bmanochot@patch.com,2003,23592312v
Madeleine,Glenda,Tremathack,528 Kings Way,702-226-0423,gtremathackou@google.com.br,1989,85981425v
Shannen,Cindie,Fantonetti,82058 Carpenter Hill,860-197-8920,cfantonettiov@reference.com,1988,89205982v
Babara,Thebault,Simanek,56999 Schiller Way,786-862-8858,tsimanekow@imgur.com,1987,04647278v
Gaultiero,Martainn,Aldine,344 Linden Court,804-948-5416,maldineox@freewebs.com,2010,12418049v
Glenna,Alec,Shimmings,3 Blackbird Lane,170-777-8620,ashimmingsoy@imgur.com,1971,78890417v
Paloma,Myrtice,Balogun,327 Oakridge Alley,641-801-6800,mbalogunoz@alibaba.com,2008,94710515v
Aldric,Urbanus,Wofenden,30966 Garrison Crossing,102-983-4539,uwofendenp0@cafepress.com,2010,28194475v
Virginie,Constantia,Goody,72151 Roth Hill,831-673-3606,cgoodyp1@amazon.de,1955,01286755v
Juieta,Myrvyn,Haselden,91218 Thackeray Park,917-214-4377,mhaseldenp2@hibu.com,1976,60533629v
Rivi,Krispin,Fairfull,04476 New Castle Plaza,344-230-9624,kfairfullp3@clickbank.net,1958,12746954v
Shea,Ursala,Bancroft,894 Nova Avenue,218-165-6821,ubancroftp4@nifty.com,2011,63593119v
Guillema,Lorenza,Dragonette,403 Jenifer Point,808-135-1472,ldragonettep5@qq.com,1973,77000567v
Ertha,Vivien,Grogono,8 Anderson Alley,510-768-9601,vgrogonop6@exblog.jp,1972,57267582v
Nickey,Margie,Chadbourn,42811 Comanche Alley,277-660-1630,mchadbournp7@quantcast.com,1967,98487921v
Derward,Bartholemy,Buxcy,263 Westridge Road,619-944-3986,bbuxcyp8@cloudflare.com,1951,09625180v
Bibbie,Monika,Rossin,36190 Shopko Pass,269-647-4658,mrossinp9@jimdo.com,2006,76277460v
Corny,Cookie,Rudolfer,48 Arkansas Way,521-517-8658,crudolferpa@columbia.edu,1964,37114212v
Uri,Murry,Hodgets,79674 Buell Point,809-549-4984,mhodgetspb@kickstarter.com,2007,02579803v
Rosette,Crichton,Knox,42 Prairie Rose Road,112-390-8169,cknoxpc@meetup.com,1957,43074851v
Masha,Alyson,Howler,861 Heffernan Pass,828-840-4200,ahowlerpd@hud.gov,1966,86267393v
Georgi,Korney,Purvey,1494 Arkansas Road,447-923-4021,kpurveype@alexa.com,1961,90269797v
Noam,Thaddus,Maddie,64 Granby Center,828-750-7325,tmaddiepf@csmonitor.com,2011,95865117v
Tomasine,Xenos,Danihel,540 Clarendon Park,448-578-9693,xdanihelpg@jalbum.net,1980,71289588v
Padgett,Weber,Howroyd,9 Roxbury Alley,245-110-1545,whowroydph@qq.com,1991,51063279v
Buddy,Jamill,Corinton,43269 Mallard Hill,408-102-0481,jcorintonpi@statcounter.com,2004,12909443v
Nahum,Staffard,Van Hesteren,37 Kensington Hill,777-168-2172,svanhesterenpj@spotify.com,1961,29558355v
Florentia,Bryna,Moreby,83 Dapin Hill,798-663-7049,bmorebypk@imdb.com,1977,24533238v
Ammamaria,Georgi,Poulney,906 Logan Road,302-171-0739,gpoulneypl@netvibes.com,2013,63241976v
Olag,Whitby,Fenne,4255 Acker Point,867-448-6687,wfennepm@t-online.de,1981,40793232v
Tiphanie,Barde,Rigolle,9 Judy Terrace,112-185-6389,brigollepn@google.ca,1957,21548164v
Bambie,Hazel,Gawthorpe,682 Northport Pass,930-590-2659,hgawthorpepo@xrea.com,1975,58959676v
Aurilia,Ethan,Carlow,55 Novick Court,115-159-2994,ecarlowpp@pbs.org,1971,62224757v
Pru,Percival,Redrup,58 Hooker Plaza,146-294-7876,predruppq@gmpg.org,1977,49509467v
Marya,Corina,Coate,500 Welch Parkway,365-244-0105,ccoatepr@theguardian.com,2010,34771681v
Aggy,Emmey,Willment,70 Chive Plaza,101-355-5244,ewillmentps@newyorker.com,1967,97823941v
Johann,Horatio,Chenery,81614 Derek Terrace,201-429-0441,hchenerypt@myspace.com,1974,31676398v
Burg,Edgard,Muldownie,8696 Bashford Lane,866-711-8350,emuldowniepu@amazon.co.uk,1983,11378878v
Grazia,Kelley,Prantoni,60145 Columbus Trail,739-276-4201,kprantonipv@comcast.net,1994,04538716v
Adler,Kameko,Powdrell,49669 Fuller Crossing,501-875-1996,kpowdrellpw@arstechnica.com,1980,51152376v
Jorry,Ricki,Wilmington,96 Corry Pass,883-314-9182,rwilmingtonpx@chicagotribune.com,1989,90038281v
Drud,Lorrin,Glanton,3 Dennis Park,647-908-1039,lglantonpy@facebook.com,1950,49826789v
Chlo,Amata,Baumert,9984 Hanson Court,444-138-6579,abaumertpz@is.gd,1954,31870658v
Garwood,Leta,Searjeant,27 Scott Drive,482-521-9414,lsearjeantq0@nsw.gov.au,2000,07675036v
Neddy,Esther,Edson,45 Fuller Crossing,931-700-3606,eedsonq1@indiatimes.com,1953,96517815v
Gratiana,Ninnetta,McLean,46 Harper Alley,714-268-4638,nmcleanq2@dyndns.org,1980,88277782v
Aldus,Washington,Smitheman,274 Ilene Terrace,953-660-6724,wsmithemanq3@tiny.cc,1988,30370399v
Woodman,Abie,Bastone,21077 Oak Valley Park,843-267-2478,abastoneq4@usgs.gov,2008,97376708v
Mahala,Koenraad,Bundock,029 Beilfuss Alley,107-909-9355,kbundockq5@bloomberg.com,2001,66750543v
Winslow,Astra,Ibel,9947 Troy Point,150-426-8408,aibelq6@youtu.be,1972,84948963v
Staci,Trudy,Collin,09450 Morningstar Park,928-518-1868,tcollinq7@addtoany.com,1987,32306737v
Nerti,Agnese,Greenleaf,842 Di Loreto Road,840-116-9660,agreenleafq8@uiuc.edu,1999,51660782v
Kitti,Arlene,Jacquet,328 Manufacturers Trail,303-144-3474,ajacquetq9@yellowbook.com,2008,06659575v
Willy,Elmo,Quayle,83 Morning Crossing,638-428-9786,equayleqa@berkeley.edu,1977,21209812v
Leslie,Ema,Wisden,49255 Summer Ridge Park,694-398-0066,ewisdenqb@rambler.ru,1980,98817864v
Terence,Tedda,Jenicek,9 Canary Terrace,944-175-6576,tjenicekqc@google.ru,2001,48782717v
Juana,Nona,Packham,89 Portage Drive,570-988-8340,npackhamqd@mashable.com,1994,71414457v
Vonnie,Hunt,Glen,0 Judy Road,181-358-7644,hglenqe@wikimedia.org,1959,16198387v
Jackie,Patrizio,MacGuffie,1328 Coleman Court,329-721-3600,pmacguffieqf@fema.gov,1951,13794804v
Ganny,Winne,Yair,4708 Buena Vista Alley,729-122-0968,wyairqg@slate.com,2005,36923236v
Karolina,Culver,Ruter,269 Marcy Drive,442-347-7463,cruterqh@prnewswire.com,2011,89048725v
Marty,Damita,Gibbeson,86 Crowley Terrace,968-379-0887,dgibbesonqi@nps.gov,2008,19417018v
Vivianne,Sammie,Checcuzzi,305 Loeprich Plaza,810-303-0341,scheccuzziqj@cmu.edu,1967,89743741v
Fulvia,Jessamyn,Holcroft,6 Meadow Vale Point,764-533-6537,jholcroftqk@networkadvertising.org,1971,04391644v
Erasmus,Riannon,Wyke,92031 Towne Lane,262-850-1336,rwykeql@4shared.com,1981,05964894v
Bette-ann,Luise,Fulcher,983 Barby Circle,891-436-5548,lfulcherqm@exblog.jp,1950,29752120v
Roxie,Othella,Beran,887 Lakeland Plaza,526-453-9260,oberanqn@oakley.com,1958,94407245v
Milton,Deanne,MacFayden,93552 Elmside Hill,209-122-7563,dmacfaydenqo@weibo.com,2014,43581619v
Josephine,Fran,Ellph,0278 Aberg Street,675-491-5009,fellphqp@dedecms.com,2006,03179226v
Bryce,Hartley,Ruffey,284 Calypso Lane,938-636-9947,hruffeyqq@ifeng.com,1951,50577206v
Shandra,Bell,Savaage,6685 School Terrace,389-720-9908,bsavaageqr@posterous.com,1971,95199904v
Suzy,Hillary,Barttrum,829 Elmside Terrace,324-424-3071,hbarttrumqs@xinhuanet.com,2002,58784112v
Katey,Aile,Ballinger,00413 Morningstar Alley,855-583-2010,aballingerqt@live.com,1961,86026738v
Alison,Sybille,Bumpass,2352 Esker Crossing,867-964-5371,sbumpassqu@businessweek.com,1976,77118799v
Maryjo,Wendall,Burl,51 Scoville Crossing,791-167-6836,wburlqv@elpais.com,1972,71359764v
Jeana,Fiona,Poyntz,07 Corben Alley,398-626-8631,fpoyntzqw@spiegel.de,1977,23338632v
Romy,Kordula,Wainer,11 Rockefeller Pass,752-845-5405,kwainerqx@ebay.com,2001,48736640v
Malcolm,Bren,Regelous,66 International Center,669-560-8448,bregelousqy@friendfeed.com,1998,65768804v
Kathlin,Eloisa,Boribal,4239 Arkansas Parkway,150-705-6727,eboribalqz@youku.com,2013,51225575v
Antonio,Gage,Churchill,44 Northridge Avenue,422-453-5512,gchurchillr0@tripod.com,2010,94471494v
Madella,Matthaeus,Frank,9057 Tennessee Pass,412-831-8168,mfrankr1@archive.org,1961,44134295v
Meredith,Dav,Mealham,588 Nancy Crossing,372-576-5159,dmealhamr2@last.fm,1991,18933097v
Edwin,Melloney,McGhie,24783 John Wall Crossing,296-362-0629,mmcghier3@sakura.ne.jp,1972,09119226v
Adorne,Angie,Fardo,5543 Mendota Center,654-722-4808,afardor4@i2i.jp,1998,94054100v
Genia,Florence,Beckson,3823 Helena Circle,855-923-2961,fbecksonr5@sfgate.com,1954,40845196v
Gordie,De,Casperri,33 Browning Way,290-655-0312,dcasperrir6@fda.gov,1957,47025429v
Janith,Kinna,Menloe,88 Lindbergh Circle,488-760-7694,kmenloer7@virginia.edu,2000,23700637v
Seward,Court,Jaan,8 Kensington Way,521-890-4702,cjaanr8@gmpg.org,1987,87739412v
Jaquenette,Mora,Reinard,94 Graedel Park,331-992-2737,mreinardr9@4shared.com,1968,55653808v
Glenda,Kalvin,Flippini,11 Ridgeway Parkway,121-501-6495,kflippinira@craigslist.org,2000,80477877v
Trueman,Fremont,Cottey,64905 Barby Alley,323-931-5809,fcotteyrb@toplist.cz,2015,28315281v
Gayelord,Marys,Quesne,5 Pepper Wood Place,451-567-1223,mquesnerc@networksolutions.com,2006,41520651v
Lorraine,Demetris,Espinola,67108 Truax Alley,756-250-3690,despinolard@homestead.com,1998,68308695v
Selestina,Aleece,Farrens,1 Artisan Pass,452-134-3078,afarrensre@samsung.com,1973,00769002v
Lief,Sunny,Sabben,1 Burning Wood Street,840-795-8863,ssabbenrf@wp.com,1990,08698712v
Ladonna,Grove,Bellelli,497 Sachtjen Trail,602-666-0864,gbellellirg@mapquest.com,1999,80160018v
Donavon,Lona,Phelit,031 Judy Terrace,282-213-1468,lphelitrh@flavors.me,1994,81653395v
Guenna,Lilyan,Hartshorn,5 Coolidge Plaza,158-670-4664,lhartshornri@istockphoto.com,1963,75250475v
Dennison,Janie,Lodden,83 Blue Bill Park Road,532-444-1391,jloddenrj@miitbeian.gov.cn,2007,10858907v
Townsend,Chicky,Fridd,67092 Express Hill,710-339-1698,cfriddrk@altervista.org,1973,47325594v
Bathsheba,Audry,Cadman,930 Thierer Street,137-726-9841,acadmanrl@va.gov,1977,16916954v
Israel,Holly,Colliar,1870 Ridgeview Alley,264-338-0023,hcolliarrm@gov.uk,2006,92501011v
Cassandry,Ellerey,Lampens,6796 Bowman Point,637-735-2105,elampensrn@webnode.com,2000,23168948v
Maynard,Shandee,Dunseath,578 Graceland Crossing,679-487-5698,sdunseathro@va.gov,2002,91085456v
Berne,Rhett,Whyman,9 Vernon Circle,932-236-7174,rwhymanrp@163.com,1999,31926992v
Nicol,Goldi,Parmiter,02 Pennsylvania Drive,155-740-0447,gparmiterrq@bravesites.com,1964,46627484v
Aland,Eada,Canland,65 Comanche Point,557-657-5896,ecanlandrr@freewebs.com,1957,80310811v
